"","Station","Year","GRID","TOT","TDR","T_DR","TSG","Tt","Sf","Hw","Rm","HE","HD","HJ","TMA","TGA","TGO","BAT","CA","TCAL","HAL","PEN","UDO","ACE","AL","AS","RHI","TRO","TBR","SAR","SP","HC","easting","northing"
"1","BH06",2009,1,2,0,2,2,2,0,0,0,0,0,0,0,0,0,"0","0",0,"0","0","0","0",0,0,"0",0,0,"0",0,"0",2411139.14772711,16990565.2251657
"2","BH06",2009,2,5,0,5,5,0,5,0,0,0,0,0,0,0,0,"0","0",0,"0","0","0","0",0,0,"0",0,0,"0",0,"0",2411111.29655761,16990545.7235669
"3","BH06",2009,3,0,0,0,0,0,0,0,0,0,0,0,0,0,0,"0","0",0,"0","0","0","0",0,0,"0",0,0,"0",0,"0",2411067.88149926,16990515.3240158
"4","BH06",2010,1,4,2,4,4,3,4,0,0,0,0,0,0,0,0,"0","0",0,"0","0","0","0",0,0,"0",0,0,"0",0,"0",2411139.14772711,16990565.2251657
"5","BH06",2010,2,2,1,2,2,1,2,0,0,0,0,0,0,0,0,"0","0",0,"0","0","0","0",0,0,"0",0,0,"0",0,"0",2411111.29655761,16990545.7235669
"6","BH06",2010,3,5,2,4,4,3,3,0,0,0,0,0,0,0,0,"0","0",0,"0","0","0","0",0,0,"0",0,0,"0",0,"0",2411067.88149926,16990515.3240158
"7","BH06",2011,1,2,0,2,2,2,0,0,0,0,0,0,0,0,0,"0","0",0,"0","0","0","0",0,0,"0",0,0,"0",0,"0",2411139.14772711,16990565.2251657
"8","BH06",2011,2,5,0.5,5,5,1,5,0,0,0,0,0,0,0,0,"0","0",0,"0","0","0","0",0,0,"0",0,0,"0",0.1,"0",2411111.29655761,16990545.7235669
"9","BH06",2011,3,4,0.5,4,4,0.5,4,0,0,0,0,0,0,0,0,"0","0",0,"0","0","0","0",0,0,"0",0,0,"0",0.1,"0",2411067.88149926,16990515.3240158
"10","BH06",2012,1,2,0,2,2,2,0,0.1,0,0,0,0,0,0,0,"0","0",0,"0","0","0","0",0,0,"0",0,0,"0",0,"0",2411139.14772711,16990565.2251657
"11","BH06",2012,2,3,0,3,3,2,3,0,0,0,0,0,0,0,0,"0","0",0,"0","0","0","0",0,0,"0",0,0,"0",0,"0",2411111.29655761,16990545.7235669
"12","BH06",2012,3,4,0,4,4,0,4,0,0,0,0,0,0,0,0,"0","0",0,"0","0","0","0",0,0,"0",0,0,"0",0,"0",2411067.88149926,16990515.3240158
"13","BH06",2013,1,3,0,3,3,2,2,0,0,0,0,0,0,0,0,"0","0",0,"0","0","0","0",0,0,"0",0,0,"0",0,"0",2411139.14772711,16990565.2251657
"14","BH06",2013,2,5,0,5,5,3,4,0,0,0,0,0,0,0,0,"0","0",0,"0","0","0","0",0,0,"0",0,0,"0",0,"0",2411111.29655761,16990545.7235669
"15","BH06",2013,3,4,1,4,4,3,3,0,0,0,0,0,0,0,0,"0","0",0,"0","0","0","0",0,0,"0",0,0,"0",0,"0",2411067.88149926,16990515.3240158
"16","BH06",2014,1,5,0,5,5,3,4,0,0,0,0,0,0.5,0.5,0,"0","0",0.5,"0","0","X","0",0,0,"0",0,0,"0",0,"0",2411139.14772711,16990565.2251657
"17","BH06",2014,2,5,0,5,5,2,4,0,0,0,0,0,0,0,0,"0","0",0,"0","0","0","0",0,0,"0",0,0,"0",0,"0",2411111.29655761,16990545.7235669
"18","BH06",2014,3,4,0,4,4,2,3,0,0,0,0,0,0,0,0,"0","0",0,"0","0","0","0",0,0,"0",0,0,"0",0,"0",2411067.88149926,16990515.3240158
"19","BH06",2016,1,0.5,0,0.5,0,0,0,0,0,0,0,0,0.5,0,0,"0","0",0,"0","0","0","0",0,0,"0",0.5,0,"0",0,"0",2411139.14772711,16990565.2251657
"20","BH06",2016,2,0.5,0,0.5,0,0,0,0,0,0,0,0,0.5,0.5,0.5,"0","X",0,"0","0","0","0",0,0,"0",0,0,"0",0,"0",2411111.29655761,16990545.7235669
"21","BH06",2016,3,1,0,1,0,0,0,0,0,0,0,0,1,1,0.5,"0","X",0.5,"X","0","X","0",0,0,"0",0.5,0,"0",0,"0",2411067.88149926,16990515.3240158
"22","BH06",2017,1,0.5,0,1,0,0,0,0,0,0,0,0,0.5,0.5,0.5,"0","X",0.5,"X","X","X","0",0,0,"0",0,0,"0",0,"0",2411139.14772711,16990565.2251657
"23","BH06",2017,2,0.5,0,1,0,0,0,0,0,0,0,0,0.5,0.5,0.5,"0","X",0.5,"X","X","X","0",0,0,"0",0,0,"0",0,"0",2411111.29655761,16990545.7235669
"24","BH06",2017,3,1,0,1,0,0,0,0,0,0,0,0,1,1,0.5,"0","X",0.5,"X","X","X","0",0,0,"0",0,0,"0",0,"0",2411067.88149926,16990515.3240158
"25","BH06",2018,1,0.5,0,0.5,0,0,0,0,0,0,0,0,0.5,0.5,0,"0","0",0.5,"0","0","X","X",0,0,"0",0,0,"0",0,"0",2411139.14772711,16990565.2251657
"26","BH06",2018,2,0,0,0,0,0,0,0,0,0,0,0,0,0,0,"0","0",0,"0","0","0","0",0,0,"0",0,0,"0",0,"0",2411111.29655761,16990545.7235669
"27","BH06",2018,3,1,0,1,1,0,0,1,0,0,0,0,0.5,0.5,0,"0","0",0.5,"X","0","X","0",0,0,"0",0,0,"0",0,"0",2411067.88149926,16990515.3240158
"28","BH06",2019,1,1,0.5,1,1,0,0,1,0,0,0,0,0.5,0.5,0,"0","0",0.5,"0","0","X","0",0,0,"0",0,0,"0",0,"0",2411139.14772711,16990565.2251657
"29","BH06",2019,2,0.5,0.5,0.5,0,0,0,0,0,0,0,0,0.5,0.5,0,"0","0",0.5,"0","0","X","0",0,0,"0",0,0,"0",0,"0",2411111.29655761,16990545.7235669
"30","BH06",2019,3,0.5,0.5,0.5,0,0,0,0,0,0,0,0,0.5,0.5,0,"0","0",0.5,"X","0","X","0",0,0,"0",0,0,"0",0,"0",2411067.88149926,16990515.3240158
"31","BH06",2020,1,2,0.5,2,2,0,0,2,0,0,2,0,1,1,0.5,"0","X",1,"X","0","X","X",0,0,"0",0.5,0,"0",0,"0",2411139.14772711,16990565.2251657
"32","BH06",2020,2,2,0,2,2,0,2,1,0,0,0,0,0.5,0.5,0,"0","0",0.5,"X","X","0","0",0,0,"0",0.5,0,"0",0,"0",2411111.29655761,16990545.7235669
"33","BH06",2020,3,4,0,4,4,0,0,4,0,0,0,0,1,1,0.5,"0","X",1,"X","X","X","0",0,0,"0",0,0,"0",0,"0",2411067.88149926,16990515.3240158
"34","BH06",2021,1,2,1,2,2,0,0,2,0,0,0,1,1,1,0,"0","0",1,"0.5","0","X","0",0,0,"0",0,0,"0",0,"0",2411139.14772711,16990565.2251657
"35","BH06",2021,2,1,0,1,1,0,0,1,0,0,0,0,0,0,0,"0","0",0,"0","0","0","0",0,0,"0",0,0,"0",0,"0",2411111.29655761,16990545.7235669
"36","BH06",2021,3,2,1,2,1,0,0,1,0,0,0,0.5,0.5,0.5,0,"0","0",0.5,"0","0","X","0",0,0,"0",0.5,0.5,"0.5",0,"0",2411067.88149926,16990515.3240158
"37","BH06",2022,1,2,2,1,1,0,0,1,0,0,0,0,1,1,0,"0","0",1,"X","0","X","0",0,0,"0",0,0,"0",0,"0",2411139.14772711,16990565.2251657
"38","BH06",2022,2,2,1,2,1,0,0,1,0,0,0,0,1,1,0,"0","0",1,"X","0","X","0",0,0,"0",0,0,"0",0,"0",2411111.29655761,16990545.7235669
"39","BH06",2022,3,1,0,1,0.1,0,0,0.1,0,0,0,0,1,1,0.5,"X","X",1,"X","0","X","0",0,0,"0",0,0,"0",0,"0",2411067.88149926,16990515.3240158
"40","BH06",2023,1,2,1,2,0,0,0,0,0,0,0,0,2,2,0,"0","0",2,"2","0","0","0",0,0,"0",0,0,"0",0,"0",2411139.14772711,16990565.2251657
"41","BH06",2023,2,2,1,2,0,0,0,0,0,0,0,0,2,2,0,"0","0",2,"2","0","0","0",0,0,"0",0,0,"0",0,"0",2411111.29655761,16990545.7235669
"42","BH06",2023,3,2,1,2,0,0,0,0,0,0,0,0,2,2,0,"0","0",2,"2","0","0","0",0,0,"0",0,0,"0",0,"0",2411067.88149926,16990515.3240158
"43","BH10",2009,1,0,0,0,0,0,0,0,0,0,0,0,0,0,0,"0","0",0,"0","0","0","0",0,0,"0",0,0,"0",0,"0",2410146.09927701,16994117.407762
"44","BH10",2009,2,3,3,2,2,0,0,2,0,0,0,0,1,1,0,"0","0",1,"X","0","0","0",0,0,"0",0,0,"0",0.1,"0",2410197.19477584,16994087.907762
"45","BH10",2009,3,5,2,5,5,0,5,0,0,0,0,0,0,0,0,"0","0",0,"0","0","0","0",0,0,"0",0,0,"0",0,"0",2410260.41463031,16994051.407762
"46","BH10",2010,1,2,1,2,2,0,2,1,0,0,0.5,0,0.5,0.5,0.5,"0","X",0.5,"0","0","0","X",0,0,"0",0,0,"0",0,"0",2410146.09927701,16994117.407762
"47","BH10",2010,2,1,0,1,1,0,0,0,0,0,0,0,0,0,0,"0","0",0,"0","0","0","0",0,0,"0",0,0,"0",1,"0",2410197.19477584,16994087.907762
"48","BH10",2010,3,1,0,1,1,0,0,1,0,0,0,0,0,0,0,"0","0",0,"0","0","0","0",0,0,"0",0,0,"0",0,"0",2410260.41463031,16994051.407762
"49","BH10",2011,1,0,0,0,0,0,0,0,0,0,0,0,0,0,0,"0","0",0,"0","0","0","0",0,0,"0",0,0,"0",0,"0",2410146.09927701,16994117.407762
"50","BH10",2011,2,0,0,0,0,0,0,0,0,0,0,0,0,0,0,"0","0",0,"0","0","0","0",0,0,"0",0,0,"0",0,"0",2410197.19477584,16994087.907762
"51","BH10",2011,3,0,0,0,0,0,0,0,0,0,0,0,0,0,0,"0","0",0,"0","0","0","0",0,0,"0",0,0,"0",0,"0",2410260.41463031,16994051.407762
"52","BH10",2012,1,0,0,0,0,0,0,0,0,0,0,0,0,0,0,"0","0",0,"0","0","0","0",0,0,"0",0,0,"0",0,"0",2410146.09927701,16994117.407762
"53","BH10",2012,2,0,0,0,0,0,0,0,0,0,0,0,0,0,0,"0","0",0,"0","0","0","0",0,0,"0",0,0,"0",0,"0",2410197.19477584,16994087.907762
"54","BH10",2012,3,0,0,0,0,0,0,0,0,0,0,0,0,0,0,"0","0",0,"0","0","0","0",0,0,"0",0,0,"0",0,"0",2410260.41463031,16994051.407762
"55","BH10",2013,1,0,0,0,0,0,0,0,0,0,0,0,0,0,0,"0","0",0,"0","0","0","0",0,0,"0",0,0,"0",0,"0",2410146.09927701,16994117.407762
"56","BH10",2013,2,0,0,0,0,0,0,0,0,0,0,0,0,0,0,"0","0",0,"0","0","0","0",0,0,"0",0,0,"0",0,"0",2410197.19477584,16994087.907762
"57","BH10",2013,3,0,0,0,0,0,0,0,0,0,0,0,0,0,0,"0","0",0,"0","0","0","0",0,0,"0",0,0,"0",0,"0",2410260.41463031,16994051.407762
"58","BH10",2014,1,0,0,0,0,0,0,0,0,0,0,0,0,0,0,"0","0",0,"0","0","0","0",0,0,"0",0,0,"0",0,"0",2410146.09927701,16994117.407762
"59","BH10",2014,2,0,0,0,0,0,0,0,0,0,0,0,0,0,0,"0","0",0,"0","0","0","0",0,0,"0",0,0,"0",0,"0",2410197.19477584,16994087.907762
"60","BH10",2014,3,0,0,0,0,0,0,0,0,0,0,0,0,0,0,"0","0",0,"0","0","0","0",0,0,"0",0,0,"0",0,"0",2410260.41463031,16994051.407762
"61","BH10",2016,1,0,0,0,0,0,0,0,0,0,0,0,0,0,0,"0","0",0,"0","0","0","0",0,0,"0",0,0,"0",0,"0",2410146.09927701,16994117.407762
"62","BH10",2016,2,0,0,0,0,0,0,0,0,0,0,0,0,0,0,"0","0",0,"0","0","0","0",0,0,"0",0,0,"0",0,"0",2410197.19477584,16994087.907762
"63","BH10",2016,3,0,0,0,0,0,0,0,0,0,0,0,0,0,0,"0","0",0,"0","0","0","0",0,0,"0",0,0,"0",0,"0",2410260.41463031,16994051.407762
"64","BH10",2017,1,0,0,0,0,0,0,0,0,0,0,0,0,0,0,"0","0",0,"0","0","0","0",0,0,"0",0,0,"0",0.1,"0",2410146.09927701,16994117.407762
"65","BH10",2017,2,0,0,0,0,0,0,0,0,0,0,0,0,0,0,"0","0",0,"0","0","0","0",0,0,"0",0,0,"0",0,"0",2410197.19477584,16994087.907762
"66","BH10",2017,3,0,0,0,0,0,0,0,0,0,0,0,0,0,0,"0","0",0,"0","0","0","0",0,0,"0",0,0,"0",0.5,"0",2410260.41463031,16994051.407762
"67","BH10",2018,1,2,2,2,2,0,0,0,0,0,2,0,0.5,0.5,0,"0","0",0.5,"0","0","0","X",0,0,"0",0,0,"0",0.1,"0",2410146.09927701,16994117.407762
"68","BH10",2018,2,2,2,2,2,0,0,0,0,0,2,NA,1,0.5,0,"0","0",0.5,"0","0","0","X",0,0,"0",0,1,"0",0.1,"1",2410197.19477584,16994087.907762
"69","BH10",2018,3,2,2,0.5,0,0,0,0,0,0,0,0,0.5,0.5,0,"0","0",0.5,"X","0","0","X",0,0,"0",0,0,"0",2,"0",2410260.41463031,16994051.407762
"70","BH10",2019,1,1,1,1,0,0,0,0,0,0,0,0,1,1,0,"0","0",1,"X","0","0","X",0,0,"0",0,0,"0",0,"0",2410146.09927701,16994117.407762
"71","BH10",2019,2,2,1,2,0,0,0,0,0,0,0,0,2,2,0,"0","0",2,"X","X","0","X",0,0,"0",0,0,"0",0,"0",2410197.19477584,16994087.907762
"72","BH10",2019,3,2,0,2,0,0,0,0,0,0,0,0,2,2,0,"0","0",2,"0","X","0","X",0,0,"0",0,0,"0",0,"0",2410260.41463031,16994051.407762
"73","BH10",2020,1,3,1,3,0,0,0,0,0,0,0,0,3,3,0,"0","0",3,"X","0","0","0",0,0,"0",0,0,"0",0,"0",2410146.09927701,16994117.407762
"74","BH10",2020,2,4,3,3,1,0,0,1,0,0,0,0,3,3,0.5,"0","X",3,"X","0","0","0",0,0,"0",0,0,"0",0,"0",2410197.19477584,16994087.907762
"75","BH10",2020,3,4,2,4,0,0,0,0,0,0,0,0,4,4,0,"0","0",4,"X","0","0","0",0,0,"0",0,0,"0",1,"0",2410260.41463031,16994051.407762
"76","BH10",2021,1,2,2,2,2,0,0,0,0,0,2,0,2,2,1,"0","X",2,"2","0","X","0",0,0,"0",0,0,"0",0,"0",2410146.09927701,16994117.407762
"77","BH10",2021,2,3,2,3,1,0,1,0,0,0,0,0,3,3,1,"X","0",3,"3","0","0","X",0,0,"0",0,0,"0",0,"0",2410197.19477584,16994087.907762
"78","BH10",2021,3,3,1,3,2,0,2,0,0,0,0,0,3,3,0.5,"X","0",3,"3","0","0","0",0,0,"0",0,0,"0",0,"0",2410260.41463031,16994051.407762
"79","BH10",2022,1,4,2,3,0,0,0,0,0,0,0,0,3,3,0,"0","0",3,"X","X","0","0",0,0,"0",0,0,"0",0,"0",2410146.09927701,16994117.407762
"80","BH10",2022,2,4,2,3,0,0,0,0,0,0,0,0,3,3,0,"0","0",3,"X","0","0","X",0,0,"0",0,0,"0",0,"0",2410197.19477584,16994087.907762
"81","BH10",2022,3,4,2,4,0,0,0,0,0,0,0,0,4,4,0,"0","0",4,"X","0","0","1",0,0,"0",0,0,"0",0,"0",2410260.41463031,16994051.407762
"82","BH10",2023,1,5,3,4,1,0,1,0,0,0,0,0,4,4,0,"0","0",4,"3","0","0","X",0,0,"0",0,0,"0",0,"0",2410146.09927701,16994117.407762
"83","BH10",2023,2,4,1,4,2,0,2,0,0,0,0,0,3,3,0,"0","0",3,"3","0","0","X",0,0,"0",0,0,"0",0,"0",2410197.19477584,16994087.907762
"84","BH10",2023,3,5,2,4,2,0,2,0,0,0,0,0,4,4,0,"0","0",4,"4","0","0","X",0,0,"0",0,0,"0",0,"0",2410260.41463031,16994051.407762
"85","BH14",2009,1,5,3,4,3,0,3,0,0,0,0,0,0.5,0.5,0,"0","0",0.5,"0","0","0","X",0,0,"0",0,0,"0",0.1,"0",2409501.10359291,17000220.0568892
"86","BH14",2009,2,4,1,4,4,0,4,0,0,0,0,0,1,1,0,"0","0",1,"0","0","0","X",0,0,"0",0,0,"0",0,"0",2409465.74825385,17000184.7015501
"87","BH14",2009,3,4,3,4,4,0,4,0,0,0,0,0,0.5,0.5,0,"0","0",0.5,"0","0","0","X",0,0,"0",0,0,"0",0,"0",2409448.07058432,17000167.0238806
"88","BH14",2010,1,4,3,3,3,0,3,2,0,0,0,0,1,1,1,"X","X",0.5,"0","0","0","X",0,0,"0",0,0,"0",1,"0",2409501.10359291,17000220.0568892
"89","BH14",2010,2,4,3,3,3,0,3,1,0,0,0,0,1,1,1,"X","0",1,"0","0","0","X",0,0,"0",0,0,"0",0.1,"0",2409465.74825385,17000184.7015501
"90","BH14",2010,3,5,2,4,3,0,3,0,0,0,0,0,2,2,1,"X","0",1,"0","0","0","X",0,0,"0",0,0,"0",0,"0",2409448.07058432,17000167.0238806
"91","BH14",2011,1,5,3,4,4,0,4,0,0,0,0,0,2,2,2,"X","0",0.5,"0","0","0","X",0,0,"0",0,0,"0",0,"0",2409501.10359291,17000220.0568892
"92","BH14",2011,2,5,3,5,5,0,5,0,0,0,0,0,1,1,1,"X","0",0.5,"0","0","0","X",0,0,"0",0,0,"0",0,"0",2409465.74825385,17000184.7015501
"93","BH14",2011,3,5,2,5,5,0,5,0,0,0,0,0,0.5,0.5,0,"0","0",0.5,"0","0","0","X",0,0,"0",0,0,"0",0,"0",2409448.07058432,17000167.0238806
"94","BH14",2012,1,5,2,5,5,0,5,1,0,0,0,0,0.5,0.5,0,"0","0",0.5,"0","0","0","X",0,0,"0",0,0,"0",0,"0",2409501.10359291,17000220.0568892
"95","BH14",2012,2,5,2,5,5,0,5,0,0,0,0,0,0.5,0.5,0,"0","0",2,"0","0","0","X",0,0,"0",0,0,"0",0,"0",2409465.74825385,17000184.7015501
"96","BH14",2012,3,5,2,5,5,0,5,0,0,0,0,0,0.5,0.5,0.5,"X","X",0.5,"0","0","0","X",0,0,"0",0,0,"0",0,"0",2409448.07058432,17000167.0238806
"97","BH14",2013,1,4,1,4,4,0,4,0,0,0,0,0,0.5,0.5,0,"0","0",0.5,"0","0","0","X",0,0,"0",0,0,"0",0,"0",2409501.10359291,17000220.0568892
"98","BH14",2013,2,4,1,4,4,0,4,0,0,0,0,0,0.5,0.5,0,"0","0",0.5,"0","0","0","X",0,0,"0",0,0,"0",0,"0",2409465.74825385,17000184.7015501
"99","BH14",2013,3,4,1,4,4,0,4,0,0,0,0,0,0.5,0.5,0,"0","0",0.5,"0","0","0","X",0,0,"0",0,0,"0",0,"0",2409448.07058432,17000167.0238806
"100","BH14",2014,1,4,0,4,4,0,4,0.5,0,0,0,0,0,0,0,"0","0",0,"0","0","0","0",0,0,"0",0,0,"0",0,"0",2409501.10359291,17000220.0568892
"101","BH14",2014,2,4,0,4,4,0,4,0,0,0,0,0,0.5,0.5,0,"0","0",0.5,"0","0","X","0",0,0,"0",0,0,"0",0,"0",2409465.74825385,17000184.7015501
"102","BH14",2014,3,4,0,4,4,0,4,1,0,0,0,0,0,0,0,"0","0",0,"0","0","0","0",0,0,"0",0,0,"0",0,"0",2409448.07058432,17000167.0238806
"103","BH14",2015,1,5,0,5,5,0,5,0.5,0,0,0,0,0.5,0.5,0,"0","0",0.5,"0","0","0","X",0,0,"0",0,0,"0",0,"0",2409501.10359291,17000220.0568892
"104","BH14",2015,2,4,0,4,4,0,4,0.5,0,0,0,0,0.5,0.5,0,"0","0",0.5,"0","0","0","X",0,0,"0",0,0,"0",0,"0",2409465.74825385,17000184.7015501
"105","BH14",2015,3,5,0,5,5,0,5,0.5,0,0,0,0,0,0,0,"0","0",0,"0","0","0","0",0,0,"0",0,0,"0",0,"0",2409448.07058432,17000167.0238806
"106","BH14",2016,1,3,0,3,3,0,3,0,0,0,0,0,0,0,0,"0","0",0,"0","0","0","0",0,0,"0",0,0,"0",0,"0",2409501.10359291,17000220.0568892
"107","BH14",2016,2,3,0,3,3,0,3,0,0,0,0,0,0,0,0,"0","0",0,"0","0","0","0",0,0,"0",0,0,"0",0,"0",2409465.74825385,17000184.7015501
"108","BH14",2016,3,3,0,3,3,0,3,0,0,0,0,0,0,0,0,"0","0",0,"0","0","0","0",0,0,"0",0,0,"0",0,"0",2409448.07058432,17000167.0238806
"109","BH14",2017,1,0,0,0,0,0,0,0,0,0,0,0,0,0,0,"0","0",0,"0","0","0","0",0,0,"0",0,0,"0",0,"0",2409501.10359291,17000220.0568892
"110","BH14",2017,2,0,0,0,0,0,0,0,0,0,0,0,0,0,0,"0","0",0,"0","0","0","0",0,0,"0",0,0,"0",0,"0",2409465.74825385,17000184.7015501
"111","BH14",2017,3,0,0,0,0,0,0,0,0,0,0,0,0,0,0,"0","0",0,"0","0","0","0",0,0,"0",0,0,"0",0,"0",2409448.07058432,17000167.0238806
"112","BH14",2018,1,0.1,0,0.1,0.1,0,0.1,0,0,0,0,0,0,0,0,"0","0",0,"0","0","0","0",0,0,"0",0,0,"0",0,"0",2409501.10359291,17000220.0568892
"113","BH14",2018,2,0,0,0,0,0,0,0,0,0,0,0,0,0,0,"0","0",0,"0","0","0","0",0,0,"0",0,0,"0",0,"0",2409465.74825385,17000184.7015501
"114","BH14",2018,3,0,0,0,0,0,0,0,0,0,0,0,0,0,0,"0","0",0,"0","0","0","0",0,0,"0",0,0,"0",0,"0",2409448.07058432,17000167.0238806
"115","BH14",2019,1,0,0,0,0,0,0,0,0,0,0,0,0,0,0,"0","0",0,"0","0","0","0",0,0,"0",0,0,"0",0,"0",2409501.10359291,17000220.0568892
"116","BH14",2019,2,0,0,0,0,0,0,0,0,0,0,0,0,0,0,"0","0",0,"0","0","0","0",0,0,"0",0,0,"0",0,"0",2409465.74825385,17000184.7015501
"117","BH14",2019,3,0,0,0,0,0,0,0,0,0,0,0,0,0,0,"0","0",0,"0","0","0","0",0,0,"0",0,0,"0",0,"0",2409448.07058432,17000167.0238806
"118","BH14",2020,1,2,2,1,1,0,1,0,0,0,1,0,0,0,0,"0","0",0,"0","0","0","0",0,0,"0",0,0,"0",0.5,"0",2409501.10359291,17000220.0568892
"119","BH14",2020,2,0,0,0,0,0,0,0,0,0,0,0,0,0,0,"0","0",0,"0","0","0","0",0,0,"0",0,0,"0",0.5,"0",2409465.74825385,17000184.7015501
"120","BH14",2020,3,2,0,2,0,0,0,0,0,0,2,0,0,0,0,"0","0",0,"0","0","0","0",0,0,"0",0,0,"0",0.5,"0",2409448.07058432,17000167.0238806
"121","BH14",2021,1,3,0,3,2,0,2,2,0,0,0,0,3,3,0,"0","0",3,"3","0","0","0",0,0,"0",0,0,"0",0,"0",2409501.10359291,17000220.0568892
"122","BH14",2021,2,2,0,2,2,0,0,1,0,2,0,0,1,1,0,"0","0",1,"1","0","0","0",0,0,"0",0,0,"0",0,"0",2409465.74825385,17000184.7015501
"123","BH14",2021,3,3,0,3,2,0,0.5,2,0,0,1,0,1,1,0,"0","0",1,"1","0","0","0",0,0,"0",0,0,"0",0,"0",2409448.07058432,17000167.0238806
"124","BH14",2022,1,3,2,3,2,0,2,0,0,0,0,0,2,2,0,"0","0",2,"X","0","0","0",0,0,"0",0,0,"0",0,"0",2409501.10359291,17000220.0568892
"125","BH14",2022,2,3,2,3,1,0,0.5,0.5,0,0,0,0,3,3,0,"0","0",3,"X","0","0","0",0,0,"0",0,0,"0",0,"0",2409465.74825385,17000184.7015501
"126","BH14",2022,3,4,2,3,2,0,0,2,0,0,0,0,3,3,1,"0","X",3,"X","0","0","X",0,0,"0",0,0,"0",0,"0",2409448.07058432,17000167.0238806
"127","BH14",2023,1,5,0,5,4,0,4,0,0,0,0,0,2,2,1,"X","0",2,"0.5","0","0","X",0,0,"0",0,0,"0",0,"0",2409501.10359291,17000220.0568892
"128","BH14",2023,2,4,2,4,3,0,3,0,0,0,0,0,2,2,0,"0","0",2,"2","0","0","X",0,0,"0",0,0,"0",0,"0",2409465.74825385,17000184.7015501
"129","BH14",2023,3,4,1,4,4,0,4,0,0,0,0,0,1,1,0,"0","0",1,"1","0","0","X",0,0,"0",0,0,"0",0,"0",2409448.07058432,17000167.0238806
"130","BH22",2009,1,5,2,5,5,2,5,0,0,0,0,0,1,1,0,"0","0",1,"0","0","0","X",0,0,"0",0,0,"0",0,"0",2408896.26841241,17007188.1254383
"131","BH22",2009,2,5,3,5,5,2,4,1,0,0,0,0,1,1,0,"0","0",1,"X","0","0","X",0,0,"0",0,0,"0",0,"0",2408856.26841241,17007118.843406
"132","BH22",2009,3,5,3,4,4,2,3,1,0,0,0,0,0.5,0.5,0,"0","0",0.5,"0","0","0","X",0,0,"0",0,0,"0",0,"0",2408849.76841241,17007107.5850758
"133","BH22",2010,1,4,0.5,4,4,2,3,0,0,0,0,0,1,0.5,0.5,"X","0",0.5,"0","0","0","X",0,0,"0",0,0,"0",0.1,"0",2408896.26841241,17007188.1254383
"134","BH22",2010,2,5,2,5,5,2,4,0,0,0,0,0,0.5,0.5,0,"0","0",0.5,"0","0","0","X",0,0,"0",0,0,"0",0,"0",2408856.26841241,17007118.843406
"135","BH22",2010,3,4,3,4,4,3,3,0.5,0,0,0,0,0.5,0.5,0,"0","0",0.5,"0","0","0","X",0,0,"0",0,0,"0",0,"0",2408849.76841241,17007107.5850758
"136","BH22",2011,1,4,2,4,4,3,2,0,0,0,0,0,1,1,0,"0","0",1,"0","0","0","X",0,0,"0",0,0,"0",0,"0",2408896.26841241,17007188.1254383
"137","BH22",2011,2,5,2,5,5,2,5,0,0,0,0,0,0.5,0.5,0,"0","0",0.5,"0","0","0","X",0,0,"0",0,0,"0",0,"0",2408856.26841241,17007118.843406
"138","BH22",2011,3,5,0,5,5,2,5,0,0,0,0,0,0.5,0.5,0,"0","0",0.5,"0","0","0","X",0,0,"0",0,0,"0",0,"0",2408849.76841241,17007107.5850758
"139","BH22",2012,1,5,0,5,5,1,5,0.5,0,0,0,0,0,0,0,"0","0",0,"0","0","0","0",0,0,"0",0,0,"0",0.1,"0",2408896.26841241,17007188.1254383
"140","BH22",2012,2,5,0,5,5,0.5,5,0.5,0,0,0,0,0,0,0,"0","0",0,"0","0","0","0",0,0,"0",0,0,"0",0.5,"0",2408856.26841241,17007118.843406
"141","BH22",2012,3,5,0,5,5,2,5,0.5,0,0,0,0,0,0,0,"0","0",0,"0","0","0","0",0,0,"0",0,0,"0",0.5,"0",2408849.76841241,17007107.5850758
"142","BH22",2013,1,1,0,1,0,0,0,0,0,0,0,0,1,1,0,"0","0",1,"0","0","X","0",0,0,"0",0,0,"0",0,"0",2408896.26841241,17007188.1254383
"143","BH22",2013,2,3,0,3,1,1,0,0,0,0,0,0,3,2,2,"0","X",2,"X","0","0","X",0,0,"0",0,0,"0",0,"0",2408856.26841241,17007118.843406
"144","BH22",2013,3,3,2,3,2,2,0,0,0,0,0,0,3,3,1,"0","X",2,"X","0","X","X",0,0,"0",0,0,"0",0.1,"0",2408849.76841241,17007107.5850758
"145","BH22",2014,1,3,0,3,3,0.5,3,0,0,0,0,0,0,0,0,"0","0",0,"0","0","0","0",0,0,"0",0,0,"0",0,"0",2408896.26841241,17007188.1254383
"146","BH22",2014,2,3,0,3,3,0,3,0.5,0,0,0,0,0,0,0,"0","0",0,"0","0","0","0",0,0,"0",0,0,"0",0,"0",2408856.26841241,17007118.843406
"147","BH22",2014,3,3,0,3,3,0.5,3,0,0,0,0,0,0,0,0,"0","0",0,"0","0","0","0",0,0,"0",0,0,"0",0,"0",2408849.76841241,17007107.5850758
"148","BH22",2015,1,3,0,3,3,3,2,0,0,0,0,0,0,0,0,"0","0",0,"0","0","0","0",0,0,"0",0,0,"0",0,"0",2408896.26841241,17007188.1254383
"149","BH22",2015,2,4,1,4,4,4,0,0,0,0,0,0,0,0,0,"0","0",0,"0","0","0","0",0,0,"0",0,0,"0",0.5,"0",2408856.26841241,17007118.843406
"150","BH22",2015,3,0.5,0,0.5,0.5,0.5,0,0,0,0,0,0,0,0,0,"0","0",0,"0","0","0","0",0,0,"0",0,0,"0",0,"0",2408849.76841241,17007107.5850758
"151","BH22",2016,1,5,1,5,5,0,4,1,0,0,0,0,0,0,0,"0","0",0,"0","0","0","0",0,0,"0",0,0,"0",0.1,"0",2408896.26841241,17007188.1254383
"152","BH22",2016,2,0,0,0,0,0,0,0,0,0,0,0,0,0,0,"0","0",0,"0","0","0","0",0,0,"0",0,0,"0",0,"0",2408856.26841241,17007118.843406
"153","BH22",2016,3,0.5,0,0.5,0.5,0,0,0.5,0,0,0,0,0.5,0.5,0,"0","0",0.5,"0","0","X","0",0,0,"0",0,0,"0",0,"0",2408849.76841241,17007107.5850758
"154","BH22",2017,1,5,1,5,5,0,5,1,0,0,0,0,2,2,2,"0","X",0.5,"0","0","X","0",0,0,"0",0.5,0,"0",0,"0",2408896.26841241,17007188.1254383
"155","BH22",2017,2,3,0,3,3,0,0,3,0,0,0,0,0.5,0.5,0,"0","0",0.5,"0","0","0","X",0,0,"0",0,0,"0",0,"0",2408856.26841241,17007118.843406
"156","BH22",2017,3,2,0,2,2,0,0,2,0,0,0,0,0,0,0,"0","0",0,"0","0","0","0",0,0,"0",0,0,"0",0,"0",2408849.76841241,17007107.5850758
"157","BH22",2018,1,3,0,3,3,0.5,3,0,0,0,0,0,0,0,0,"0","0",0,"0","0","0","0",0,0,"0",0,0,"0",0.1,"0",2408896.26841241,17007188.1254383
"158","BH22",2018,2,4,1,4,4,0,4,1,0,0,0,0,1,1,0,"0","0",1,"X","X","0","0",0,0,"0",0,0,"0",0,"0",2408856.26841241,17007118.843406
"159","BH22",2018,3,5,0,5,5,0,4,2,0,0,0,0,1,1,0,"0","0",1,"X","X","0","0",0,0,"0",0,0,"0",0,"0",2408849.76841241,17007107.5850758
"160","BH22",2019,1,5,0,5,5,0,5,0,0,0,0,0,0,0,0,"0","0",0,"0","0","0","0",0,0,"0",0,0,"0",0,"0",2408896.26841241,17007188.1254383
"161","BH22",2019,2,4,0,4,2,0,2,1,0,0,0,0,4,4,0,"0","0",4,"X","0","0","0",0,0,"0",0,0,"0",0,"0",2408856.26841241,17007118.843406
"162","BH22",2019,3,4,0,4,2,1,2,1,0,0,0,0,4,4,0,"0","0",4,"X","0","0","0",0,0,"0",0,0,"0",0,"0",2408849.76841241,17007107.5850758
"163","BH22",2020,1,5,3,4,4,3,3,1,0,0,0,0,1,1,0,"0","0",1,"X","0","0","0",0,0,"0",0,0,"0",0.5,"0",2408896.26841241,17007188.1254383
"164","BH22",2020,2,5,3,4,4,1,4,1,0,0,0,0,2,2,0,"0","0",2,"X","0","0","0",0,0,"0",0,0,"0",0,"0",2408856.26841241,17007118.843406
"165","BH22",2020,3,5,1,5,5,0.5,5,0,0,0,0,0,0.5,0.5,0,"0","0",0.5,"X","0","0","0",0,0,"0",0,0,"0",0.5,"0",2408849.76841241,17007107.5850758
"166","BH22",2021,1,5,5,3,2,1,1,0,0,0,0,0,3,3,0,"0","0",3,"3","0","0","0",0,0,"0",0,0,"0",0,"0",2408896.26841241,17007188.1254383
"167","BH22",2021,2,5,4,3,2,0,2,0,0,0,0,0,3,3,0,"0","0",3,"3","0","0","0",0,0,"0",0,0,"0",0,"0",2408856.26841241,17007118.843406
"168","BH22",2021,3,5,2,5,3,0.5,3,0,0,0,0,0,3,3,0,"0","0",3,"3","0","0","0",0,0,"0",0,0,"0",2,"0",2408849.76841241,17007107.5850758
"169","BH22",2022,1,4,1,4,2,0,2,0,0,0,0,0,3,3,0,"0","0",3,"X","0","0","0",0,0,"0",0,0,"0",0.1,"0",2408896.26841241,17007188.1254383
"170","BH22",2022,2,4,0,4,3,0,3,0,0,0,0,0,3,3,0,"0","0",3,"X","0","0","0",0,0,"0",0,0,"0",0,"0",2408856.26841241,17007118.843406
"171","BH22",2022,3,5,0,5,4,0,4,0,0,0,0,0,3,3,0,"0","0",3,"X","X","X","X",0,0,"0",0,0,"0",0,"0",2408849.76841241,17007107.5850758
"172","BH22",2023,1,3,1,3,2,2,0,0,0,0,0,0,3,3,0,"0","0",3,"3","0","X","0",0,0,"0",0,0,"0",0,"0",2408896.26841241,17007188.1254383
"173","BH22",2023,2,3,0,3,1,0,1,0,0,0,0,0,3,3,0,"0","0",3,"3","0","0","0",0,0,"0",0,0,"0",0,"0",2408856.26841241,17007118.843406
"174","BH22",2023,3,3,0,3,2,0,2,0,0,0,0,0,2,2,0,"0","0",2,"2","0","0","0",0,0,"0",0,0,"0",0.5,"0",2408849.76841241,17007107.5850758
"175","BH29",2009,1,1,1,0.5,0.5,0.5,0,0,0,0,0,0,0,0,0,"0","0",0,"0","0","0","0",0,0,"0",0,0,"0",0,"0",2406243.19090204,17013056.107019
"176","BH29",2009,2,5,1,5,5,4,2,0,0,0,0,0,0.5,0.5,0,"0","0",0.5,"0","X","0","0",0,0,"0",0,0,"0",0,"0",2406197.22823546,17013017.5397624
"177","BH29",2009,3,4,0.5,4,4,4,0.5,0.5,0,0,0,0,0.5,0.5,0,"0","0",0.5,"X","0","0","0",0,0,"0",0,0,"0",0,"0",2406155.09579109,17012982.1864439
"178","BH29",2010,1,3,2,3,3,0.5,3,0,0,0,0,0,0,0,0,"0","0",0,"0","0","0","0",0,0,"0",0,0,"0",0,"0",2406243.19090204,17013056.107019
"179","BH29",2010,2,5,4,3,3,3,2,0,0,0,0,0,3,3,3,"0","0",0,"0","0","0","0",0,3,"0",0,0,"0",0,"0",2406197.22823546,17013017.5397624
"180","BH29",2010,3,5,4,3,3,2,3,0,0,0,0,0,2,2,0,"0","0",2,"X","0","0","0",0,2,"0",0,0,"0",0,"0",2406155.09579109,17012982.1864439
"181","BH29",2011,1,5,0,5,3,3,2,0,0,0,0,0,3,3,3,"0","0",2,"0","X","0","X",3,1,"0",0,0,"0",0,"0",2406243.19090204,17013056.107019
"182","BH29",2011,2,5,0,5,3,2,3,0,0,0,0,0,3,3,3,"0","0",1,"X","X","0","0",3,1,"0",0,0,"0",0.1,"0",2406197.22823546,17013017.5397624
"183","BH29",2011,3,5,0,5,3,3,2,0,0,0,0,0,3,3,3,"0","0",2,"0","X","0","X",3,1,"0",0,0,"0",0,"0",2406155.09579109,17012982.1864439
"184","BH29",2012,1,5,0,5,2,0.5,2,0,0,0,0,0,5,5,5,"0","0",2,"0","X","0","0",5,0,"0",0,0,"0",0,"0",2406243.19090204,17013056.107019
"185","BH29",2012,2,5,0,5,2,0.5,2,0,0,0,0,0,5,5,5,"0","0",0,"0","0","0","0",5,0,"0",0,0,"0",0,"0",2406197.22823546,17013017.5397624
"186","BH29",2012,3,5,0,5,2,0.5,2,0,0,0,0,0,5,5,5,"0","0",0,"0","0","0","0",0,0,"0",0,0,"0",0,"0",2406155.09579109,17012982.1864439
"187","BH29",2013,1,3,1,2,2,2,1,0,0,0,0,0,0,0,0,"0","0",0,"0","0","0","0",0,0,"0",0,0,"0",0,"0",2406243.19090204,17013056.107019
"188","BH29",2013,2,3,1,3,2,2,0,0,0,0,0,0,2,2,1,"0","X",1,"0","0","0","X",0,0,"0",0,0,"0",0,"0",2406197.22823546,17013017.5397624
"189","BH29",2013,3,4,2,4,3,0,3,1,0,0,0,0,2,2,0,"0","0",2,"0","X","0","X",0,0,"0",0,0,"0",0,"0",2406155.09579109,17012982.1864439
"190","BH29",2014,1,4,0,4,2,0,2,0,0,0,0,0,4,4,4,"0","0",0,"0","0","0","0",4,1,"0",0,0,"0",0,"0",2406243.19090204,17013056.107019
"191","BH29",2014,2,4,0,4,2,0,2,0,0,0,0,0,4,4,4,"0","0",0,"0","0","0","0",3,1,"0",0,0,"0",0,"0",2406197.22823546,17013017.5397624
"192","BH29",2014,3,5,0,5,0,0,0,0,0,0,0,0,5,5,5,"0","0",0,"0","0","0","0",5,2,"0",0,0,"0",0,"0",2406155.09579109,17012982.1864439
"193","BH29",2015,1,5,0,5,3,0,2,2,0,0,0,0,4,4,4,"0","0",0,"0","0","0","0",3,3,"0",0,0,"0",0,"0",2406243.19090204,17013056.107019
"194","BH29",2015,2,0,0,0,0,0,0,0,0,0,0,0,0,0,0,"0","0",0,"0","0","0","0",0,0,"0",0,0,"0",0,"0",2406197.22823546,17013017.5397624
"195","BH29",2015,3,0.5,0,0.5,0,0,0,0,0,0,0,0,0.5,0.5,0.5,"0","0",0.5,"0","0","0","X",0.5,0.5,"0",0,0,"0",0,"0",2406155.09579109,17012982.1864439
"196","BH29",2016,1,4,0,4,4,0,1,4,0,0,0,0,0,0,0,"0","0",0,"0","0","0","0",0,0,"0",0,0,"0",0.1,"0",2406243.19090204,17013056.107019
"197","BH29",2016,2,0,0,0,0,0,0,0,0,0,0,0,0,0,0,"0","0",0,"0","0","0","0",0,0,"0",0,0,"0",0,"0",2406197.22823546,17013017.5397624
"198","BH29",2016,3,0,0,0,0,0,0,0,0,0,0,0,0,0,0,"0","0",0,"0","0","0","0",0,0,"0",0,0,"0",0,"0",2406155.09579109,17012982.1864439
"199","BH29",2017,1,4,0.5,4,4,0,1,4,0,2,0,0,0.1,0.1,0,"0","0",0.1,"X","0","0","0",0,0,"0",0,0,"0",0.5,"0",2406243.19090204,17013056.107019
"200","BH29",2017,2,3,0,3,0,0,0,0,0,0,0,0,3,3,3,"0","X",0.1,"X","0","0","0",0,0,"0",0,0,"0",0.1,"0",2406197.22823546,17013017.5397624
"201","BH29",2017,3,2,0,2,0,0,0,0,0,0,0,0,2,2,0.5,"X","0",2,"X","X","0","0",0,0,"0",0.1,0,"0",0,"0",2406155.09579109,17012982.1864439
"202","BH29",2018,1,4,4,0,0,0,0,0,0,0,0,0,0.5,0.5,0.5,"0","0",0,"0","0","0","0",0,0,"0",0,0,"0",0.5,"""ANA = 0.5""",2406243.19090204,17013056.107019
"203","BH29",2018,2,0.5,0,0.5,0,0,0,0,0,0,0,0,0.5,0.5,0.5,"X","0",0,"0","0","0","0",0,0,"0",0,0,"0",0,"0",2406197.22823546,17013017.5397624
"204","BH29",2018,3,0.5,0,0.5,0,0,0,0,0,0,0,0,0.5,0.5,0.1,"X","0",0.5,"X","0","X","0",0,0,"0",0,0,"0",0,"0",2406155.09579109,17012982.1864439
"205","BH29",2019,1,0,0,0,0,0,0,0,0,0,0,0,0,0,0,"0","0",0,"0","0","0","0",0,0,"0",0,0,"0",0,"0",2406243.19090204,17013056.107019
"206","BH29",2019,2,3,0,3,2,0,1,2,0,0,0,0,2,2,0,"0","0",2,"X","0","0","0",0,0,"0",0,0,"0",0,"0",2406197.22823546,17013017.5397624
"207","BH29",2019,3,3,0,3,2,0,0,0,0,2,0,0,2,2,0,"0","0",2,"X","0","0","0",0,0,"0",0,0,"0",0,"0",2406155.09579109,17012982.1864439
"208","BH29",2020,1,5,2,5,0,0,0,0,0,0,0,0,5,5,0,"0","0",5,"X","0","0","0",0,0,"0",0,0,"0",0,"0",2406243.19090204,17013056.107019
"209","BH29",2020,2,4,2,4,0,0,0,0,0,0,0,0,4,4,0,"0","0",4,"X","0","0","X",0,0,"0",0,0,"0",0.5,"0",2406197.22823546,17013017.5397624
"210","BH29",2020,3,4,3,3,0,0,0,0,0,0,0,0,3,3,0,"0","0",3,"X","0","0","0",0,0,"0",0,0,"0",0.5,"0",2406155.09579109,17012982.1864439
"211","BH29",2021,1,5,0,5,1,0,1,0,0,0,0,0,5,5,0,"0","0",5,"5","0","0","0",0,0,"0",0,0,"0",0,"0",2406243.19090204,17013056.107019
"212","BH29",2021,2,3,0,3,2,0,0,2,0,0,0,0,2,2,1,"0","0",1,"1","0","0","0",0,1,"0",0,0,"0",0,"0",2406197.22823546,17013017.5397624
"213","BH29",2021,3,2,0,2,2,2,0,0,0,0,0,0,2,2,0,"0","0",2,"2","0","0","0",0,0,"0",0,0,"0",0.1,"0",2406155.09579109,17012982.1864439
"214","BH29",2022,1,4,0,4,0.5,0,0,0.5,0,0,0,0,4,4,3,"0","0",3,"X","0","0","0",0,3,"0",0,0,"0",0,"0",2406243.19090204,17013056.107019
"215","BH29",2022,2,4,0,4,0,0,0,0,0,0,0,0,4,4,2,"0","0",4,"X","0","0","0",0,2,"0",0,0,"0",0,"0",2406197.22823546,17013017.5397624
"216","BH29",2022,3,5,0,5,1,0,0,1,0,0,0,0,5,5,5,"0","0",2,"X","0","0","0",0,5,"0",0,0,"0",0,"0",2406155.09579109,17012982.1864439
"217","BH29",2023,1,5,0,5,0,0,0,0,0,0,0,0,5,5,5,"0","0",0,"0","0","0","0",0,5,"0",0,0,"0",0,"0",2406243.19090204,17013056.107019
"218","BH29",2023,2,5,0,5,0,0,0,0,0,0,0,0,5,5,5,"0","0",0,"0","0","0","0",0,5,"0",0,0,"0",0,"0",2406197.22823546,17013017.5397624
"219","BH29",2023,3,5,0,5,0,0,0,0,0,0,0,0,5,5,5,"0","0",0,"0","0","0","0",0,5,"0",0,0,"0",0,"0",2406155.09579109,17012982.1864439
"220","BH31",2009,1,3,3,3,3,3,0,0,0,0,0,0,2,2,0,"0","0",2,"X","X","0","0",0,0,"0",0,0,"0",0.5,"0",2406657.09489075,17023221.9986723
"221","BH31",2009,2,5,0.5,5,5,5,0,0,0,0,0,0,2,2,0,"0","0",2,"X","X","0","0",0,0,"0",0,0,"0",0.1,"0",2406682.09489075,17023178.6974022
"222","BH31",2009,3,5,0.5,5,5,5,0,0,0,0,0,0,1,1,0,"0","0",1,"X","X","0","0",0,0,"0",0,0,"0",0.5,"0",2406712.59489075,17023125.8698525
"223","BH31",2010,1,5,3,4,3,3,0,0,0,0,0,0,2,2,0,"0","0",2,"X","0","0","0",0,0,"0",0,0,"0",0,"0",2406657.09489075,17023221.9986723
"224","BH31",2010,2,5,3,5,5,5,0,0,0,0,0,0,0.5,0.5,0,"0","0",0.5,"X","X","0","0",0,0,"0",0,0,"0",0,"0",2406682.09489075,17023178.6974022
"225","BH31",2010,3,5,3,5,5,5,0,0,0,0,0,0,1,1,0.5,"0","X",1,"X","X","0","0",0,0,"0",0,0,"0",0,"0",2406712.59489075,17023125.8698525
"226","BH31",2011,1,4,0,4,4,4,0,0,0,0,0,0,1,1,0,"0","0",1,"X","0","0","0",0,0,"0",0,0,"0",0,"0",2406657.09489075,17023221.9986723
"227","BH31",2011,2,4,2,4,3,3,0,0,0,0,0,0,2,2,0,"0","0",2,"X","X","0","X",0,0,"0",0,0,"0",0,"0",2406682.09489075,17023178.6974022
"228","BH31",2011,3,4,2,4,4,4,0,0,0,0,0,0,2,2,0,"0","0",2,"X","X","0","0",0,0,"0",0,0,"0",0,"0",2406712.59489075,17023125.8698525
"229","BH31",2012,1,4,0,4,3,3,0,0,0,0,0,0,2,2,0,"0","0",2,"X","X","X","0",0,0,"0",0,1,"X",0,"0",2406657.09489075,17023221.9986723
"230","BH31",2012,2,5,2,4,4,4,0,0,0,0,0,0,2,2,0,"0","0",2,"X","X","X","0",0,0,"0",0,0,"0",0,"0",2406682.09489075,17023178.6974022
"231","BH31",2012,3,5,0,5,4,4,0,0,0,0,0,0,2,2,0,"0","0",2,"X","X","0","0",0,0,"0",0,0,"0",0,"0",2406712.59489075,17023125.8698525
"232","BH31",2013,1,4,0,4,4,4,0,0,0,0,0,0,1,1,0,"0","0",1,"X","X","0","0",0,0,"0",0,0,"0",0.5,"0",2406657.09489075,17023221.9986723
"233","BH31",2013,2,5,3,4,4,4,0,0,0,0,0,0,2,2,0,"0","0",2,"X","X","X","0",0,0,"0",0,0,"0",0,"0",2406682.09489075,17023178.6974022
"234","BH31",2013,3,5,3,4,4,4,0,0,0,0,0,0,2,2,0,"0","0",2,"X","X","0","0",0,0,"0",0,0,"0",0,"0",2406712.59489075,17023125.8698525
"235","BH31",2014,1,5,0,5,5,5,0,0,0,0,0,0,2,2,0,"0","0",2,"X","0","0","0",0,0,"0",0,0,"0",0.1,"0",2406657.09489075,17023221.9986723
"236","BH31",2014,2,5,0,5,5,5,0,0,0,0,0,0,2,2,0,"0","0",2,"X","X","0","0",0,0,"0",0,0,"0",0.1,"0",2406682.09489075,17023178.6974022
"237","BH31",2014,3,3,1,3,3,3,0,0,0,0,0,0,2,2,0,"0","0",2,"X","X","0","0",0,0,"0",0,0,"0",0,"0",2406712.59489075,17023125.8698525
"238","BH31",2017,1,4,1,4,4,4,0,0,0,0,0,0,2,2,0.5,"0","X",2,"X","X","0","0",0,0,"0",0,0,"0",0.5,"0",2406657.09489075,17023221.9986723
"239","BH31",2017,2,4,3,3,3,3,0,0,0,0,0,0,2,2,1,"0","X",2,"X","X","X","0",0,0,"0",0,0,"0",0.5,"0",2406682.09489075,17023178.6974022
"240","BH31",2017,3,4,3,4,4,4,0,0,0,0,0,0,2,2,0,"0","0",2,"X","X","0","0",0,0,"X",0,0,"0",0.5,"0",2406712.59489075,17023125.8698525
"241","BH31",2018,1,4,0,4,4,4,0,0,0,0,0,0,1,1,0,"0","0",1,"X","X","X","0",0,0,"0",0,0,"0",0,"0",2406657.09489075,17023221.9986723
"242","BH31",2018,2,4,1,3,3,3,0,0,0,0,0,0,1,1,0,"0","0",1,"X","0","0","0",0,0,"0",0,0,"0",0.5,"0",2406682.09489075,17023178.6974022
"243","BH31",2018,3,3,0.5,3,3,3,0,0,0,0,0,0,2,2,0,"0","0",2,"X","X","X","0",0,0,"0",0,0,"0",0,"0",2406712.59489075,17023125.8698525
"244","BH31",2019,1,4,0.1,4,3,3,0,0,0,0,0,0,2,2,0.5,"0","X",1,"X","X","0","0",0,0,"0",0,0,"0",0.1,"0",2406657.09489075,17023221.9986723
"245","BH31",2019,2,3,2,2,2,2,0,0,0,0,0,0,1,1,0.5,"0","X",1,"X","X","0","0",0,0,"0",0,0,"0",0.5,"0",2406682.09489075,17023178.6974022
"246","BH31",2019,3,4,2,3,3,3,0,0,0,0,0,0,2,2,0,"0","0",2,"X","X","0","0",0,0,"0",0,0,"0",0,"0",2406712.59489075,17023125.8698525
"247","BH31",2020,1,3,1,3,1,1,0,0,0,0,0,0,3,3,0.5,"0","X",3,"X","X","0","0",0,0,"0",0,0,"0",0.5,"0",2406657.09489075,17023221.9986723
"248","BH31",2020,2,2,1,2,2,2,0,0,0,0,0,0,2,2,0,"0","0",2,"X","X","0","0",0,0,"X",0,0,"0",0.5,"0",2406682.09489075,17023178.6974022
"249","BH31",2020,3,4,2,3,3,3,0,0,0,0,0,0,2,2,0,"0","0",2,"X","X","0","0",0,0,"0",0,0,"0",1,"0",2406712.59489075,17023125.8698525
"250","BH31",2021,1,5,2,4,4,4,0,0,0,0,0,0,2,2,0,"0","0",2,"X","X","0","0",0,0,"0",0,0,"0",0,"0",2406657.09489075,17023221.9986723
"251","BH31",2021,2,4,2,4,4,4,0,0,0,0,0,0,2,2,0,"0","0",2,"X","X","0","0",0,0,"0",0,0,"0",0,"0",2406682.09489075,17023178.6974022
"252","BH31",2021,3,4,2,4,4,4,0,0,0,0,0,0,2,2,0.5,"0","X",2,"X","X","X","0",0,0,"0",0,0,"0",0,"0",2406712.59489075,17023125.8698525
"253","BH31",2022,1,4,3,2,2,2,0,0,0,0,0,0,2,2,0,"0","0",2,"X","X","0","0",0,0,"0",0,0,"0",0.1,"0",2406657.09489075,17023221.9986723
"254","BH31",2022,2,4,2,3,3,3,0,0,0,0,0,0,2,2,0,"0","0",2,"X","X","X","0",0,0,"0",0,0,"0",0,"0",2406682.09489075,17023178.6974022
"255","BH31",2022,3,4,1,4,4,0,0,0,0,0,0,0,1,1,0,"0","0",1,"X","X","X","0",0,0,"0",0,0,"0",0,"0",2406712.59489075,17023125.8698525
"256","BH31",2023,1,5,4,2,2,2,0,0,0,0,0,0,2,2,0,"0","0",2,"2","X","0","0",0,0,"0",2,0,"0",1,"0",2406657.09489075,17023221.9986723
"257","BH31",2023,2,3,2,2,2,2,0,0,0,0,0,0,2,2,0,"0","0",2,"2","X","0","0",0,0,"0",0,0,"0",0,"0",2406682.09489075,17023178.6974022
"258","BH31",2023,3,4,3,2,2,2,0,0,0,0,0,0,2,2,0,"0","0",2,"1","X","0","0",0,0,"0",0,0,"0",0.5,"0",2406712.59489075,17023125.8698525
"259","BH34",2009,1,5,0,5,5,5,0,0.5,0,0,0,0,3,3,3,"0","0",3,"0","0","0","0",0,3,"0",0,0,"0",0,"0",2402153.10500049,17020864.546466
"260","BH34",2009,2,5,0,5,0.5,0.5,0,0,0,0,0,0,5,5,5,"0","0",5,"0","0","0","0",0,5,"0",0,0,"0",0,"0",2402153.10500049,17020894.546466
"261","BH34",2009,3,5,0,5,0,0,0,0,0,0,0,0,5,5,5,"0","0",5,"0","0","0","0",0,5,"0",0,0,"0",0,"0",2402153.10500049,17020975.546466
"262","BH34",2010,1,5,0,5,0,0,0,0,0,0,0,0,5,5,5,"0","0",0,"0","0","0","0",0,5,"0",0,0,"0",0,"0",2402153.10500049,17020864.546466
"263","BH34",2010,2,5,0,5,0,0,0,0,0,0,0,0,5,5,5,"0","0",0,"0","0","0","0",0,5,"0",0,0,"0",0,"0",2402153.10500049,17020894.546466
"264","BH34",2010,3,5,0,5,0,0,0,0,0,0,0,0,5,5,5,"0","0",0,"0","0","0","0",0,5,"0",0,0,"0",0,"0",2402153.10500049,17020975.546466
"265","BH34",2011,1,5,0,5,0,0,0,0,0,0,0,0,5,5,5,"0","0",0,"0","0","0","0",5,2,"0",0,0,"0",0,"0",2402153.10500049,17020864.546466
"266","BH34",2011,2,5,0,5,0,0,0,0,0,0,0,0,5,5,5,"0","0",0,"0","0","0","0",5,2,"0",0,0,"0",0,"0",2402153.10500049,17020894.546466
"267","BH34",2011,3,5,0,5,3,3,0,0,0,0,0,0,3,3,3,"0","0",0,"0","0","0","0",3,1,"0",0,0,"0",0,"0",2402153.10500049,17020975.546466
"268","BH34",2012,1,1,0,1,0,0,0,0,0,0,0,0,1,1,1,"0","0",0.5,"0","0","0","X",0,0,"0",0,0,"0",0,"0",2402153.10500049,17020864.546466
"269","BH34",2012,2,2,0,2,0,0,0,0,0,0,0,0,2,2,2,"0","0",1,"0","X","0","X",0,0,"0",0,0,"0",0,"0",2402153.10500049,17020894.546466
"270","BH34",2012,3,2,0,2,0,0,0,0,0,0,0,0,2,1,1,"0","0",1,"0","0","0","X",0,0,"0",0,0,"0",0,"0",2402153.10500049,17020975.546466
"271","BH34",2013,1,2,0,2,0,0,0,0,0,0,0,0,2,2,0,"0","0",2,"0","X","0","X",0,0,"0",0,0,"0",0,"0",2402153.10500049,17020864.546466
"272","BH34",2013,2,3,1,3,0,0,0,0,0,0,0,0,3,3,3,"0","0",2,"0","X","0","X",3,1,"0",0,0,"0",0,"0",2402153.10500049,17020894.546466
"273","BH34",2013,3,4,0,4,0,0,0,0,0,0,0,0,4,4,4,"0","0",1,"0","0","0","X",4,0,"0",0,0,"0",0,"0",2402153.10500049,17020975.546466
"274","BH34",2014,1,1,0,1,0,0,0,0,0,0,0,0,1,1,1,"X","0",1,"0","X","0","0",1,1,"0",0,0,"0",0,"0",2402153.10500049,17020864.546466
"275","BH34",2014,2,1,0,1,0,0,0,0,0,0,0,0,1,1,1,"X","0",0.5,"X","X","0","0",1,1,"0",0.5,0,"0",0,"0",2402153.10500049,17020894.546466
"276","BH34",2014,3,1,0,1,0,0,0,0,0,0,0,0,1,1,0.1,"X","0",1,"0","X","0","0",0,0.5,"0",0,0,"0",0,"0",2402153.10500049,17020975.546466
"277","BH34",2015,1,3,0,3,2,0,0,2,0,0,0,0,3,3,3,"0","0",0.5,"0","0","0","X",3,0.5,"0",0,0,"0",0,"0",2402153.10500049,17020864.546466
"278","BH34",2015,2,4,0,4,1,0,0,1,0,0,0,0,3,3,3,"X","0",0.5,"0","0","X","0",3,0,"0",0,0.5,"X",0.5,"0",2402153.10500049,17020894.546466
"279","BH34",2015,3,3,0,3,2,0,0,2,0,0,0,0,3,3,3,"0","0",0.5,"0","0","X","0",3,1,"0",0,0.5,"X",0,"0",2402153.10500049,17020975.546466
"280","BH34",2016,1,0.5,0,0.5,0.5,0.5,0,0,0,0,0,0,0.5,0,0,"0","0",0.5,"X","X","X","0",0,0,"0",0,0,"0",0.1,"0",2402153.10500049,17020864.546466
"281","BH34",2016,2,1,0.1,1,0,0,0,0,0,0,0,0,1,0,0,"0","0",1,"X","0","0","X",0,0,"0",0,0,"0",0,"0",2402153.10500049,17020894.546466
"282","BH34",2016,3,2,0,2,0,0,0,0,0,0,0,0,2,2,0.1,"X","0",2,"X","X","X","0",0,0,"0",0,0,"0",0,"0",2402153.10500049,17020975.546466
"283","BH34",2017,1,2,0,2,0,0,0,0,0,0,0,0,2,2,0.5,"X","X",2,"X","X","X","X",0,0,"0",0,0,"0",0,"0",2402153.10500049,17020864.546466
"284","BH34",2017,2,3,0,3,0,0,0,0,0,0,0,0,3,3,0.5,"X","0",3,"X","X","X","X",0,0,"0",0,0,"0",0,"0",2402153.10500049,17020894.546466
"285","BH34",2017,3,2,0,2,0,0,0,0,0,0,0,0,2,2,0.5,"X","0",2,"X","0","X","X",0,0,"0",0,0,"0",0,"0",2402153.10500049,17020975.546466
"286","BH34",2018,1,1,0,1,0,0,0,0,0,0,0,0,1,1,0.5,"X","0",0.5,"X","X","0","X",0,0,"0",0,0,"0",0,"0",2402153.10500049,17020864.546466
"287","BH34",2018,2,0.5,0.5,0,0,0,0,0,0,0,0,0,0,0,0,"0","0",0,"0","0","0","0",0,0,"0",0,0,"0",0.1,"0",2402153.10500049,17020894.546466
"288","BH34",2018,3,2,0,2,2,2,0,1,0,0,0,0,1,1,0,"0","0",1,"X","X","0","X",0,0,"0",0,0,"0",0,"0",2402153.10500049,17020975.546466
"289","BH34",2019,1,1,0,1,1,0,0,1,0,0,0,0,0.5,0.5,0.5,"X","0",0.5,"X","X","0","X",0,0,"0",0,0,"0",0,"0",2402153.10500049,17020864.546466
"290","BH34",2019,2,1,0,1,0,0,0,0,0,0,0,0,1,1,0,"0","0",1,"X","X","0","X",0,0,"0",0,0,"0",0,"0",2402153.10500049,17020894.546466
"291","BH34",2019,3,1,0,1,1,1,0,1,0,0,0,0,1,1,0.5,"X","0",1,"0","X","X","X",0,0,"0",0,0,"0",0,"0",2402153.10500049,17020975.546466
"292","BH34",2020,1,2,0.5,2,1,0,0,1,0,0,0,0,2,2,0.5,"0","X",2,"X","X","0","X",0,0,"0",0.5,0,"0",0.5,"0",2402153.10500049,17020864.546466
"293","BH34",2020,2,2,0.5,2,2,0,0,2,0,0,0,0,1,1,0.5,"X","0",1,"X","X","X","X",0,0,"0",0.5,0,"0",0,"0",2402153.10500049,17020894.546466
"294","BH34",2020,3,1,0,1,0.5,0,0,0.5,0,0,0,0,0.5,0.5,0,"0","0",0.5,"X","X","X","0",0,0,"0",0,0,"0",0,"0",2402153.10500049,17020975.546466
"295","BH34",2021,1,2,0,2,2,0,0,2,0,2,0,0,2,2,1,"0","X",2,"2","X","0","0",0,0,"0",0,0,"0",0,"0",2402153.10500049,17020864.546466
"296","BH34",2021,2,1,0.5,1,0.5,0,0,0.5,0,0,0,0,1,1,0,"0","0",1,"1","0","0","0",0,0,"0",0,0,"0",0,"0",2402153.10500049,17020894.546466
"297","BH34",2021,3,2,0,2,2,1,0,1,0,0,0,0,0.5,0.5,0.1,"X","0",0.5,"0","X","0","0",0,0,"0",0,0,"0",0,"0",2402153.10500049,17020975.546466
"298","BH34",2022,1,3,0,3,3,0,1,2,0,0,0,0,1,1,0,"0","0",1,"X","X","0","0",0,1,"0",0,0,"0",0,"0",2402153.10500049,17020864.546466
"299","BH34",2022,2,3,0,3,2,0,2,2,0,0,0,0,2,2,1,"0","0",1,"X","X","0","X",0,1,"0",0,0,"0",0,"0",2402153.10500049,17020894.546466
"300","BH34",2022,3,2,0,2,2,0,0,2,0,0,0,0,1,1,0,"0.1","0",1,"X","X","X","X",0,0,"0",0,0,"0",0.1,"0",2402153.10500049,17020975.546466
"301","BH34",2023,1,2,0,2,1,1,0,1,0,0,0,0,1,1,1,"0","0",1,"X","X","0","0",0,1,"0",0,0,"0",0,"0",2402153.10500049,17020864.546466
"302","BH34",2023,2,2,0,2,0.5,0,0,0.5,0,0,0,0,2,2,0,"0","0",2,"1","0","X","0",0,0,"0",0,0,"0",0,"0",2402153.10500049,17020894.546466
"303","BH34",2023,3,2,0,2,1,0,0,1,0,0,0,0,1,1,0,"0","0",1,"1","X","0","0",0,0,"0",0,0,"0",0,"0",2402153.10500049,17020975.546466
"304","BH35",2009,1,5,3,5,5,5,0,0,0,0,0,0,0.1,0.1,0,"0","0",0.1,"0","X","0","0",0,0,"0",0,0,"0",0,"0",2411418.31845581,17021333.1700134
"305","BH35",2009,2,5,0,5,5,5,0,0,0,0,0,0,0,0,0,"0","0",0,"0","0","0","0",0,0,"0",0,0,"0",0,"0",2411483.27036109,17021370.6700134
"306","BH35",2009,3,5,0,5,5,5,0,0,0,0,0,0,0.5,0.5,0,"0","0",0.5,"0","X","0","0",0,0,"0",0,0,"0",0,"0",2411545.62419017,17021406.6700134
"307","BH35",2010,1,5,0,5,5,5,0,0,0,0,0,0,0.5,0,0,"0","0",0.5,"0","X","0","0",0,0,"0",0,0,"0",0,"0",2411418.31845581,17021333.1700134
"308","BH35",2010,2,4,0.5,4,4,4,0,0,0,0,0,0,2,2,0,"0","0",2,"0","X","0","0",0,0,"0",0,0,"0",0,"0",2411483.27036109,17021370.6700134
"309","BH35",2010,3,4,0.5,4,3,3,0,0,0,0,0,0,2,2,0,"0","0",2,"X","X","0","0",0,0,"0",0,0,"0",0,"0",2411545.62419017,17021406.6700134
"310","BH35",2011,1,5,2,5,5,5,0,0,0,0,0,0,1,1,0,"0","0",1,"0","X","0","0",0,0,"0",0,0,"0",0,"0",2411418.31845581,17021333.1700134
"311","BH35",2011,2,5,1,5,5,5,0,0,0,0,0,0,2,2,0,"0","0",2,"X","X","X","0",0,0,"0",0,0,"0",0.1,"0",2411483.27036109,17021370.6700134
"312","BH35",2011,3,4,0.5,4,3,3,0,0,0,0,0,0,2,2,0,"0","0",2,"0","X","0","0",0,0,"0",0,0,"0",0,"0",2411545.62419017,17021406.6700134
"313","BH35",2012,1,5,0,5,5,5,0,0,0,0,0,0,2,2,1,"X","0",2,"0","X","0","0",0,0,"0",0,0,"0",0,"0",2411418.31845581,17021333.1700134
"314","BH35",2012,2,5,0,5,5,5,0,0,0,0,0,0,1,1,0,"0","0",1,"0","X","0","0",0,0,"0",0,0,"0",0,"0",2411483.27036109,17021370.6700134
"315","BH35",2012,3,5,0,5,5,5,0,0,0,0,0,0,1,1,0,"0","0",1,"X","X","0","0",0,0,"0",0,0,"0",0,"0",2411545.62419017,17021406.6700134
"316","BH35",2013,1,5,0,5,5,5,0,0,0,0,0,0,2,2,0,"0","0",2,"X","X","0","0",0,0,"0",0,0,"0",0,"0",2411418.31845581,17021333.1700134
"317","BH35",2013,2,5,0,5,5,5,0,0,0,0,0,0,0,0,0,"0","0",0,"0","0","0","0",0,0,"0",0,0,"0",0,"0",2411483.27036109,17021370.6700134
"318","BH35",2013,3,5,0.5,5,5,5,0,0,0,0,0,0,0.5,0.5,0,"0","0",0.5,"X","X","0","0",0,0,"0",0,0,"0",0,"0",2411545.62419017,17021406.6700134
"319","BH35",2014,1,5,0,5,5,5,1,0,0,0,0,0,2,2,0,"0","0",2,"X","X","0","0",0,0,"0",0,0,"0",0,"0",2411418.31845581,17021333.1700134
"320","BH35",2014,2,5,0,5,5,5,0.5,0,0,0,0,0,1,0,0,"0","0",1,"X","X","0","0",0,0,"0",0,0,"0",0,"0",2411483.27036109,17021370.6700134
"321","BH35",2014,3,5,2,5,5,4,2,0,0,0,0,0,2,2,0,"0","0",2,"X","X","0","0",0,0,"0",0,0,"0",0,"0",2411545.62419017,17021406.6700134
"322","BH35",2017,1,5,0,5,5,5,0,0,0,0,0,0,0,0,0,"0","0",0,"0","0","0","0",0,0,"0",0,0,"0",0.1,"0",2411418.31845581,17021333.1700134
"323","BH35",2017,2,5,0,5,5,5,0,0,0,0,0,0,0.5,0.5,0,"0","0",0.5,"0","X","0","0",0,0,"0",0,0,"0",0,"0",2411483.27036109,17021370.6700134
"324","BH35",2017,3,5,0,5,5,5,0,0,0,0,0,0,0,0,0,"0","0",0,"0","0","0","0",0,0,"0",0,0,"0",0,"0",2411545.62419017,17021406.6700134
"325","BH35",2018,1,5,0,5,5,5,0,0,0,0,0,0,1,1,0,"0","0",1,"X","X","0","0",0,0,"0",0,0,"0",0.5,"0",2411418.31845581,17021333.1700134
"326","BH35",2018,2,4,0,4,4,4,0,0,0,0,0,0,2,2,0,"0","0",2,"X","X","X","0",0,0,"0",0,0,"0",0,"0",2411483.27036109,17021370.6700134
"327","BH35",2018,3,5,0,5,5,5,0,0,0,0,0,0,1,1,0,"0","0",1,"X","X","X","0",0,0,"0",0,0,"0",0,"0",2411545.62419017,17021406.6700134
"328","BH35",2019,1,5,0,5,5,5,0,0,0,0,0,0,0,0,0,"0","0",0,"0","0","0","0",0,0,"0",0,0,"0",0,"0",2411418.31845581,17021333.1700134
"329","BH35",2019,2,5,0,5,5,5,0,0,0,0,0,0,2,2,0,"0","0",2,"X","0","0","0",0,0,"0",0,0,"0",0,"0",2411483.27036109,17021370.6700134
"330","BH35",2019,3,5,0,5,5,5,0,0,0,0,0,0,2,2,0,"0","0",2,"X","0","0","0",0,0,"0",0,0,"0",0,"0",2411545.62419017,17021406.6700134
"331","BH35",2020,1,5,0,5,5,5,0,0,0,0,0,0,0.5,0.5,0,"0","0",0.5,"X","X","0","0",0,0,"0",0,0,"0",0,"0",2411418.31845581,17021333.1700134
"332","BH35",2020,2,5,0.5,5,5,5,0,0,0,0,0,0,1,1,0,"0","0",1,"X","X","0","0",0,0,"0",0,0,"0",0,"0",2411483.27036109,17021370.6700134
"333","BH35",2020,3,5,0,5,5,5,0,0,0,0,0,0,0,0,0,"0","0",0,"0","0","0","0",0,0,"0",0,0,"0",0,"0",2411545.62419017,17021406.6700134
"334","BH35",2021,1,5,0,5,5,5,0,0,0,0,0,0,1,1,1,"0","X",1,"0.5","X","0","0",0,0,"0",0,0,"0",0.5,"0",2411418.31845581,17021333.1700134
"335","BH35",2021,2,5,0.5,5,5,5,0,0,0,0,0,0,1,1,1,"0","X",1,"1","X","0","0",0,0,"0",0,0,"0",2,"0",2411483.27036109,17021370.6700134
"336","BH35",2021,3,5,0,5,5,5,0,0,0,0,0,0,0.5,0.5,0,"0","0",0.5,"0","X","0","0",0,0,"0",0,0,"0",0,"0",2411545.62419017,17021406.6700134
"337","BH35",2022,1,5,0,5,5,5,0,0,0,0,0,0,0.5,0.5,0,"0","0",0.5,"X","0","0","0",0,0,"0",0,0,"0",0,"0",2411418.31845581,17021333.1700134
"338","BH35",2022,2,5,1,5,5,5,0,0,0,0,0,0,1,1,0,"0","0",1,"X","X","0","0",0,0,"0",0,0,"0",0,"0",2411483.27036109,17021370.6700134
"339","BH35",2022,3,5,0,5,5,5,0,0,0,0,0,0,1,1,0,"0","0",1,"X","X","0","0",0,0,"0",0,0,"0",0.5,"0",2411545.62419017,17021406.6700134
"340","BH35",2023,1,5,1,5,5,5,0,0,0,0,0,0,1,1,0,"0","0",1,"0.5","X","0","0",0,0,"0",0,0,"0",0,"0",2411418.31845581,17021333.1700134
"341","BH35",2023,2,5,1,5,5,5,0,0,0,0,0,0,1,1,0,"0","0",1,"0","X","0","0",0,0,"0",0,0,"0",0,"0",2411483.27036109,17021370.6700134
"342","BH35",2023,3,5,1,5,5,5,0,0,0,0,0,0,0.5,0.5,0,"0","0",0.5,"0","X","0","0",0,0,"0",0,0,"0",0,"0",2411545.62419017,17021406.6700134
"343","BH36",2009,1,2,0.5,2,2,2,0,0,0,0,0,0,1,1,0.5,"X","0",1,"X","0","0","0",0,0,"0",0,0,"0",0,"0",2405512.27266548,17026403.5842248
"344","BH36",2009,2,3,1,3,2,2,0,0,0,0,0,0,2,2,0,"0","0",2,"X","0","X","0",0,0,"0",0,0,"0",1,"0",2405539.27266548,17026356.818853
"345","BH36",2009,3,3,1,3,2,2,0,0,0,0,0,0,2,2,1,"X","0",2,"X","X","X","0",0,0,"0",0,0,"0",1,"1",2405565.77266548,17026310.9195066
"346","BH36",2010,1,1,0,1,0.5,0.5,0,0,0,0,0,0,0.5,0.5,0.5,"X","0",0.5,"0","X","0","0",0,0,"0",0,0,"0",0,"0",2405512.27266548,17026403.5842248
"347","BH36",2010,2,2,0,2,2,2,0,0,0,0,0,0,0.5,0.5,0.5,"X","0",0.5,"X","0","0","X",0,0,"0",0,0,"0",0,"0",2405539.27266548,17026356.818853
"348","BH36",2010,3,3,0,3,3,3,0,0,0,0,0,0,1,1,0.5,"X","0",1,"X","X","X","X",0,0,"0",0,0,"0",0,"0",2405565.77266548,17026310.9195066
"349","BH36",2011,1,3,0,1,3,3,1,0,0,0,0,0,2,2,0,"0","0",2,"X","X","X","0",0,0,"0",0,0,"0",0.1,"0",2405512.27266548,17026403.5842248
"350","BH36",2011,2,2,0,2,2,2,0,0,0,0,0,0,2,2,1,"0","0",2,"0","X","0","0",0,0,"0",0,0,"0",0.1,"0",2405539.27266548,17026356.818853
"351","BH36",2011,3,2,1,1,1,1,0,0,0,0,0,0,1,1,0.5,"X","0",1,"X","X","0","0",0,0,"0",0,0,"0",0.1,"0",2405565.77266548,17026310.9195066
"352","BH36",2012,1,3,1,3,2,2,0,0,0,0,0,0,2,2,2,"X","0",2,"X","0","0","0",0,0,"0",0,0,"0",1,"0",2405512.27266548,17026403.5842248
"353","BH36",2012,2,3,0,3,3,3,0,0,0,0,0,0,2,2,0.5,"X","0",2,"X","X","0","0",0,0,"0",0,0,"0",0,"0",2405539.27266548,17026356.818853
"354","BH36",2012,3,3,1,2,2,2,0,0,0,0,0,0,1,1,0.5,"X","0",1,"X","X","0","0",0,0,"0",0,0,"0",0,"0",2405565.77266548,17026310.9195066
"355","BH36",2013,1,4,0,4,3,3,0,0,0,0,0,0,2,2,0.5,"X","0",2,"0","X","X","0",0,0,"0",0.5,0,"0",0.5,"0",2405512.27266548,17026403.5842248
"356","BH36",2013,2,3,1,3,3,3,0,0,0,0,0,0,0.5,0.5,0,"0","0",0.5,"0","X","0","0",0,0,"0",0,0,"0",0.1,"0.1",2405539.27266548,17026356.818853
"357","BH36",2013,3,3,0,3,2,2,0,0,0,0,0,0,1,1,0,"0","0",1,"0","X","X","0",0,0,"0",0,0,"0",0.1,"0.5",2405565.77266548,17026310.9195066
"358","BH36",2014,1,3,0,3,2,2,0,0,0,0,0,0,1,1,0.5,"X","0",1,"0","X","0","0",0,0,"0",0,0,"0",0,"0",2405512.27266548,17026403.5842248
"359","BH36",2014,2,4,0,4,3,3,0,0,0,0,0,0,2,2,0.5,"X","0",2,"0","X","0","0",0,0,"0",0,0,"0",0.1,"0",2405539.27266548,17026356.818853
"360","BH36",2014,3,4,0,4,4,4,0,0,0,0,0,0,2,2,2,"X","X",2,"X","X","X","0",0,0,"0",0,0,"0",0.1,"0.1",2405565.77266548,17026310.9195066
"361","BH36",2017,1,1,0,1,1,1,0,0,0,0,0,0,0.5,0.5,0.5,"X","0",0,"0","0","0","0",0,0,"0",0,0,"0",0.5,"0",2405512.27266548,17026403.5842248
"362","BH36",2017,2,2,0,2,2,2,0,0,0,0,0,0,0.5,0.5,0.5,"X","0",0.5,"0","X","0","X",0,0,"0",0,0,"0",0.1,"0",2405539.27266548,17026356.818853
"363","BH36",2017,3,2,0.5,2,2,2,0,0,0,0,0,0,1,1,1,"X","0",0,"0","0","0","0",0,0,"0",0,0,"0",0.1,"0.1",2405565.77266548,17026310.9195066
"364","BH36",2018,1,3,0,3,3,3,0,0,0,0,0,0,0.5,0.5,0.5,"X","0",0,"0","0","0","0",0,0,"0",0,0,"0",0,"0.1",2405512.27266548,17026403.5842248
"365","BH36",2018,2,4,0,4,4,4,0,0,0,0,0,0,1,1,1,"X","0",1,"0","X","0","X",0,0,"0",0,0,"0",0,"0",2405539.27266548,17026356.818853
"366","BH36",2018,3,3,0,3,3,3,0,0,0,0,0,0,1,1,1,"X","0",1,"0","X","X","0",0,0,"0",0,0,"0",0,"0",2405565.77266548,17026310.9195066
"367","BH36",2019,1,0,0,0,0,0,0,0,0,0,0,0,0,0,0,"0","0",0,"0","0","0","0",0,0,"0",0,0,"0",0,"0.5",2405512.27266548,17026403.5842248
"368","BH36",2019,2,1,0,1,1,1,0,0,0,0,0,0,1,1,0.5,"X","0",1,"X","0","X","X",0,0,"0",0,0,"0",0,"0",2405539.27266548,17026356.818853
"369","BH36",2019,3,3,0,3,3,3,0,0,0,0,0,0,0.5,0.5,0.5,"X","0",0.5,"X","X","0","X",0,0,"0",0,0,"0",1,"1",2405565.77266548,17026310.9195066
"370","BH36",2020,1,2,0.5,2,1,1,0,0,0,0,0,0,1,1,0,"0","0",1,"0","X","X","0",0,0,"0",0,0,"0",1,"1",2405512.27266548,17026403.5842248
"371","BH36",2020,2,2,0,2,2,2,0,0,0,0,0,0,0.5,0.5,0,"0","0",0.5,"0","X","X","0",0,0,"0",0,0,"0",0.1,"0.5",2405539.27266548,17026356.818853
"372","BH36",2020,3,2,0,2,2,2,0,0,0,0,0,0,0.5,0.5,0,"0","0",0.5,"0","X","0","X",0,0,"0",0,0,"0",0.5,"0.5",2405565.77266548,17026310.9195066
"373","BH36",2021,1,4,0,4,3,3,0,2,0,0,0,0,2,2,0,"0","0",2,"0","X","X","0",0,0,"0",0,0,"0",1,"0",2405512.27266548,17026403.5842248
"374","BH36",2021,2,3,0,3,3,3,0,0,0,0,0,0,2,2,0.5,"0","X",2,"0.5","X","X","0",0,0,"0",0,0,"0",2,"0",2405539.27266548,17026356.818853
"375","BH36",2021,3,3,0.5,3,2,2,0,0,0,0,0,0,2,2,1,"X","0",2,"1","X","X","0",0,0,"0",0,0,"0",0.5,"0.5",2405565.77266548,17026310.9195066
"376","BH36",2022,1,2,0,2,2,2,1,0,0,0,0,0,1,1,0.5,"X","0",1,"0","X","0","0",0,0,"0",0,0,"0",0.1,"0",2405512.27266548,17026403.5842248
"377","BH36",2022,2,2,2,2,1,1,0,0,0,0,0,0,1,1,0.5,"X","0",1,"0","X","0","0",0,0,"0",0,0,"0",0,"0",2405539.27266548,17026356.818853
"378","BH36",2022,3,3,0,3,3,3,0,0,0,0,0,0,2,2,1,"X","X",2,"0","X","X","0",0,0,"0",0,0,"0",1,"0.1",2405565.77266548,17026310.9195066
"379","BH36",2023,1,2,0,2,2,2,0,0,0,0,0,0,1,1,0.5,"X","0",1,"X","0","X","0",0,0,"0",0,0,"0",0,"0",2405512.27266548,17026403.5842248
"380","BH36",2023,2,2,0,2,2,2,0,0,0,0,0,0,2,2,1,"X","0",2,"0","X","0","0",0,0,"0",0,0,"0",0.5,"0",2405539.27266548,17026356.818853
"381","BH36",2023,3,2,1,2,2,2,0,0,0,0,0,0,1,1,0.5,"X","0",1,"0","X","0","0",0,0,"0",0,0,"0",0.5,"0",2405565.77266548,17026310.9195066
"382","BH37",2009,1,5,0.5,5,5,5,0,0,0,0,0,0,1,1,0,"0","0",1,"X","X","0","0",0,0,"0",0,0,"0",0.5,"0",2410344.78034311,17029368.2341213
"383","BH37",2009,2,5,0.5,5,5,5,0,0,0,0,0,0,0.5,0.5,0,"0","0",0.5,"X","X","0","0",0,0,"X",0,0,"0",0.1,"0.1",2410275.23368362,17029386.8690925
"384","BH37",2009,3,4,2,4,4,4,0,0,0,0,0,0,1,1,0,"0","0",1,"X","0","0","0",0,0,"0",0,0,"0",1,"0",2410217.27813404,17029402.3982352
"385","BH37",2010,1,4,0.5,4,4,4,0,0,0,0,0,0,0,0,0,"0","0",0,"0","0","0","0",0,0,"0",0,0,"0",0,"0",2410344.78034311,17029368.2341213
"386","BH37",2010,2,4,4,4,4,0,0,0,0,0,0,0,0,0,0,"0","0",2,"X","X","X","X",0,0,"0",0,0,"0",0,"0",2410275.23368362,17029386.8690925
"387","BH37",2010,3,5,2,5,5,5,0,0,0,0,0,0,2,0,0,"0","0",0,"0","0","0","0",0,0,"0",2,0,"0",0,"0",2410217.27813404,17029402.3982352
"388","BH37",2011,1,4,0,4,4,4,0,0,0,0,0,0,0.5,0.5,0,"0","0",0.5,"X","X","0","X",0,0,"0",0,0,"0",0,"0",2410344.78034311,17029368.2341213
"389","BH37",2011,2,4,0,4,4,4,0,0,0,0,0,0,1,1,0,"0","0",1,"X","0","0","0",0,0,"0",0,0,"0",0,"0",2410275.23368362,17029386.8690925
"390","BH37",2011,3,3,0,3,3,3,0,0,0,0,0,0,2,2,0,"0","0",2,"X","X","0","0",0,0,"0",0,0,"0",0,"0",2410217.27813404,17029402.3982352
"391","BH37",2012,1,5,0,5,5,5,0,0,0,0,0,0,2,2,0,"0","0",2,"X","X","0","0",0,0,"0",0,0,"0",0,"0",2410344.78034311,17029368.2341213
"392","BH37",2012,2,4,0,4,3,3,0,0,0,0,0,0,2,2,0,"0","0",2,"X","X","0","0",0,0,"0",0,0,"0",0,"0",2410275.23368362,17029386.8690925
"393","BH37",2012,3,5,0,5,5,5,0,0,0,0,0,0,2,2,0,"0","0",2,"X","X","0","0",0,0,"0",0,0,"0",0.1,"0",2410217.27813404,17029402.3982352
"394","BH37",2013,1,5,0,5,5,5,0,0,0,0,0,0,1,1,0,"0","0",1,"X","X","0","0",0,0,"0",0,0,"0",0.1,"0",2410344.78034311,17029368.2341213
"395","BH37",2013,2,5,2,5,5,5,0,0,0,0,0,0,2,2,0,"0","0",2,"X","0","0","0",0,0,"0",0,0,"0",0,"0",2410275.23368362,17029386.8690925
"396","BH37",2013,3,5,2,5,5,5,0,0,0,0,0,0,2,2,0,"0","0",2,"X","X","0","0",0,0,"0",0,0,"0",0,"0",2410217.27813404,17029402.3982352
"397","BH37",2014,1,3,0,3,3,3,0,0,0,0,0,0,2,2,0,"0","0",2,"X","X","X","0",0,0,"0",0,0,"0",0,"0",2410344.78034311,17029368.2341213
"398","BH37",2014,2,3,0,3,3,3,0,0,0,0,0,0,1,1,0,"0","0",1,"X","X","0","0",0,0,"0",0,0,"0",0.1,"0",2410275.23368362,17029386.8690925
"399","BH37",2014,3,5,0,5,5,5,0,0,0,0,0,0,2,2,0,"0","0",2,"X","X","0","0",0,0,"0",0,0,"0",0,"0",2410217.27813404,17029402.3982352
"400","BH37",2017,1,5,0,5,5,5,0,0,0,0,0,0,0,0,0,"0","0",0,"0","0","0","0",0,0,"0",0,0,"0",0,"0",2410344.78034311,17029368.2341213
"401","BH37",2017,2,5,0,5,5,5,0,0,0,0,0,0,0.5,0.5,0,"0","0",0.5,"0","X","0","0",0,0,"0",0,0,"0",0,"0",2410275.23368362,17029386.8690925
"402","BH37",2017,3,5,0,5,5,5,0,0,0,0,0,0,0.1,0.1,0,"0","0",0.1,"X","0","0","0",0,0,"0",0,0,"0",0,"0",2410217.27813404,17029402.3982352
"403","BH37",2018,1,5,0,5,5,5,0,0,0,0,0,0,0,0,0,"0","0",0,"0","0","0","0",0,0,"0",0,0,"0",0,"0",2410344.78034311,17029368.2341213
"404","BH37",2018,2,5,0,5,5,5,0,0,0,0,0,0,1,1,0,"0","0",1,"X","0","X","0",0,0,"0",0,0,"0",0,"0",2410275.23368362,17029386.8690925
"405","BH37",2018,3,5,0,5,5,5,0,0,0,0,0,0,1,1,0,"0","0",1,"X","X","0","0",0,0,"0",0,0,"0",0,"0",2410217.27813404,17029402.3982352
"406","BH37",2019,1,5,0,5,5,5,0,0,0,0,0,0,1,1,0,"0","0",1,"X","X","0","0",0,0,"0",0,0,"0",1,"0",2410344.78034311,17029368.2341213
"407","BH37",2019,2,5,0,5,5,5,0,0,0,0,0,0,1,1,0,"0","0",1,"X","X","0","0",0,0,"0",0,0,"0",0,"0",2410275.23368362,17029386.8690925
"408","BH37",2019,3,4,0,4,4,4,0,0,0,0,0,0,2,2,0,"0","0",2,"X","X","0","0",0,0,"0",0,0,"0",0.5,"0",2410217.27813404,17029402.3982352
"409","BH37",2020,1,4,0,4,4,4,0,0,0,0,0,0,1,1,0.5,"0","X",1,"X","X","X","0",0,0,"0",0,0,"0",1,"0",2410344.78034311,17029368.2341213
"410","BH37",2020,2,4,1,4,4,4,0,0,0,0,0,0,1,1,0,"0","0",1,"X","X","0","0",0,0,"0",0,0,"0",0.5,"0",2410275.23368362,17029386.8690925
"411","BH37",2020,3,5,0,5,5,5,0,0,0,0,0,0,0.5,0.5,0,"0","0",0.5,"X","X","0","0",0,0,"0",0,0,"0",0.1,"0",2410217.27813404,17029402.3982352
"412","BH37",2021,1,5,0,5,5,5,0,0,0,0,0,0,1,1,0,"0","0",1,"1","0","0","0",0,0,"0",0,0,"0",0.5,"0",2410344.78034311,17029368.2341213
"413","BH37",2021,2,4,0,4,4,4,0,0,0,0,0,0,1,1,0,"0","0",1,"1","0","0","0",0,0,"0",0,0,"0",1,"0",2410275.23368362,17029386.8690925
"414","BH37",2021,3,5,0.5,5,5,5,0,0,0,0,0,0,2,2,0,"0","0",2,"2","0","0","0",0,0,"0",0,0,"0",2,"0",2410217.27813404,17029402.3982352
"415","BH37",2022,1,5,0,5,5,5,0,0,0,0,0,0,0,0,0,"0","0",0,"0","0","0","0",0,0,"0",0,0,"0",0.1,"0",2410344.78034311,17029368.2341213
"416","BH37",2022,2,5,0,5,5,5,0,0,0,0,0,0,0.5,0.5,0,"0","0",0.5,"X","0","0","0",0,0,"0",0,0,"0",0,"0",2410275.23368362,17029386.8690925
"417","BH37",2022,3,5,0,5,5,5,0,0,0,0,0,0,0.5,0.5,0,"0","0",0.5,"X","0","0","0",0,0,"0",0,0,"0",0.5,"0",2410217.27813404,17029402.3982352
"418","BH37",2023,1,5,0,5,5,5,0,0,0,0,0,0,1,1,0.5,"0","X",0.5,"X","X","0","0",0,0,"0",0,0,"0",0.5,"0",2410344.78034311,17029368.2341213
"419","BH37",2023,2,5,0,5,5,5,0,0,0,0,0,0,2,2,0,"0","0",2,"X","X","0","0",0,0,"0",0,0,"0",0,"0",2410275.23368362,17029386.8690925
"420","BH37",2023,3,5,0,5,5,5,0,0,0,0,0,0,2,2,0,"0","0",2,"2","0","0","0",0,0,"0",0,0,"0",0,"0",2410217.27813404,17029402.3982352
"421","BH39",2009,1,5,2,5,5,5,0.5,0.5,0,0,0,0,2,2,2,"X","0",1,"X","X","0","X",0,0,"0",0,0,"0",0,"0",2399588.83000097,17035403.6064808
"422","BH39",2009,2,5,1,5,4,4,0,0.5,0,0,0,0,3,3,2,"X","0",1,"X","X","0","X",0,0,"0",0,0,"0",0,"0",2399614.87551204,17035425.4612595
"423","BH39",2009,3,5,0.5,5,5,4,1,1,0,0,0,0,2,2,2,"X","0",1,"X","X","0","X",0,0,"0",0,0,"0",0,"0",2399653.17773419,17035457.60064
"424","BH39",2010,1,4,0,4,4,4,0,1,0,0,0,0,0.5,0.5,0.5,"X","0",0.5,"X","X","0","0",0,0,"0",0,0,"0",0,"0",2399588.83000097,17035403.6064808
"425","BH39",2010,2,4,0,4,4,4,0,0,0,0,0,0,2,2,2,"X","0",2,"X","X","0","0",0,1,"0",2,0,"0",0,"0",2399614.87551204,17035425.4612595
"426","BH39",2010,3,4,0,4,4,4,0,1,0,0,0,0,2,2,0,"0","0",2,"X","X","0","0",0,0,"0",1,0,"0",0,"0",2399653.17773419,17035457.60064
"427","BH39",2011,1,4,0.5,4,4,4,0,0,0,0,0,0,0.5,0.5,0,"0","0",0.5,"0","X","0","0",0,0,"0",0,0,"0",0,"0",2399588.83000097,17035403.6064808
"428","BH39",2011,2,4,0,4,4,4,0,0,0,0,0,0,2,2,0,"0","0",2,"0","X","0","0",0,0,"0",0,0,"0",0,"0",2399614.87551204,17035425.4612595
"429","BH39",2011,3,4,0,4,4,4,0,0,0,0,0,0,2,2,0,"0","0",2,"X","X","0","0",0,0,"0",0,0,"0",0,"0",2399653.17773419,17035457.60064
"430","BH39",2012,1,4,0,4,3,3,0,0,0,0,0,0,2,2,2,"X","0",1,"X","X","0","X",0,0,"0",0,0,"0",0,"0",2399588.83000097,17035403.6064808
"431","BH39",2012,2,5,0,5,5,5,0,0,0,0,0,0,2,2,0,"0","0",2,"0","X","0","0",0,0,"0",0,0,"0",0,"0",2399614.87551204,17035425.4612595
"432","BH39",2012,3,4,3,3,3,2,0,1,0,0,0,0,2,2,2,"X","0",0.5,"0","X","0","X",0,0,"0",0,0,"0",0,"0",2399653.17773419,17035457.60064
"433","BH39",2013,1,5,3,5,4,4,0,0,0,0,0,0,3,3,3,"X","0",2,"0","X","0","0",0,0,"0",0,0,"0",0,"0",2399588.83000097,17035403.6064808
"434","BH39",2013,2,5,3,5,3,3,0,0,0,0,0,0,4,4,4,"X","0",2,"0","X","X","0",0,0,"0",0,0,"0",0,"0",2399614.87551204,17035425.4612595
"435","BH39",2013,3,5,0,5,4,4,0,0,0,0,0,0,3,3,3,"X","X",1,"X","X","X","0",0,0,"0",0,0,"0",0,"0",2399653.17773419,17035457.60064
"436","BH39",2014,1,4,0,4,4,4,0,0,0,0,0,0,0.5,0.5,0.5,"X","0",0,"0","0","0","0",0,0,"0",0,0,"0",0,"0",2399588.83000097,17035403.6064808
"437","BH39",2014,2,3,0,3,3,3,0,0,0,0,0,0,2,2,2,"X","0",0.5,"0","0","0","X",0,0,"0",0,0,"0",0,"0",2399614.87551204,17035425.4612595
"438","BH39",2014,3,5,3,4,3,2,0,1,0,0,0,0,3,3,3,"X","0",1,"X","X","0","0",0,0,"0",0,0,"0",0,"0",2399653.17773419,17035457.60064
"439","BH39",2016,1,5,0,5,5,5,0,0,0,0,0,0,2,2,0,"0","0",2,"X","X","0","0",0,0,"0",0,0,"0",0,"0",2399588.83000097,17035403.6064808
"440","BH39",2016,2,5,2,4,4,4,0,0,0,0,0,0,2,2,1,"X","0",2,"X","X","0","0",0,0,"0",0,0,"0",0,"0",2399614.87551204,17035425.4612595
"441","BH39",2016,3,4,2,3,3,3,0,0,0,0,0,0,2,2,2,"X","0",1,"X","X","0","X",0,0,"0",0,0,"0",0,"0",2399653.17773419,17035457.60064
"442","BH39",2017,1,4,0,4,4,4,0,0,0,0,0,0,0.5,0.5,0.5,"X","0",0.5,"X","X","0","X",0,0,"0",0,0,"0",0,"0",2399588.83000097,17035403.6064808
"443","BH39",2017,2,5,0,5,5,5,0,0,0,0,0,0,1,1,1,"X","0",0.1,"0","0","0","X",0,0,"0",0,0,"0",0,"0",2399614.87551204,17035425.4612595
"444","BH39",2017,3,4,0,4,4,4,0,0,0,0,0,0,1,1,1,"X","0",0.1,"X","0","0","0",0,0,"0",0,0,"0",0,"0",2399653.17773419,17035457.60064
"445","BH39",2018,1,5,0,5,5,5,0,0,0,0,0,0,1,1,1,"X","0",1,"0","X","0","0",0,0,"0",0,0,"0",0,"0",2399588.83000097,17035403.6064808
"446","BH39",2018,2,5,0,5,0,0,0,0,0,0,0,0,1,1,0,"0","0",1,"0","X","0","X",0,0,"0",0,0,"0",0,"0",2399614.87551204,17035425.4612595
"447","BH39",2018,3,5,0,5,5,5,0,0,0,0,0,0,0.5,0.5,0.5,"X","0",0,"0","0","0","0",0,0,"0",0,0,"0",0,"0",2399653.17773419,17035457.60064
"448","BH39",2019,1,3,0,3,2,2,0,0,0,0,0,0,2,2,2,"X","0",1,"X","X","0","0",0,0,"0",1,0,"0",0.5,"0",2399588.83000097,17035403.6064808
"449","BH39",2019,2,5,1,5,5,5,0,0,0,0,0,0,1,1,0,"0","0",1,"X","X","0","0",0,0,"0",0,0,"0",0,"0",2399614.87551204,17035425.4612595
"450","BH39",2019,3,4,0,4,3,3,0,0,0,0,0,0,2,2,2,"X","X",1,"X","X","0","0",0,0,"0",0,0,"0",0.5,"0",2399653.17773419,17035457.60064
"451","BH39",2020,1,3,2,2,2,0,0,0,0,0,0,0,1,1,1,"X","0",1,"X","X","0","0",0,0,"0",0,0.5,"X",1,"0",2399588.83000097,17035403.6064808
"452","BH39",2020,2,3,1,3,3,3,0,0,0,0,0,0,1,1,0.5,"X","0",0.5,"X","X","0","X",0,0,"0",0,0,"0",1,"0",2399614.87551204,17035425.4612595
"453","BH39",2020,3,3,2,3,3,3,0,0,0,0,0,0,1,1,1,"X","",1,"X","0","0","0",0,0,"0",0,0.5,"X",0.5,"0",2399653.17773419,17035457.60064
"454","BH39",2021,1,3,1,3,2,2,0,0,0,0,0,0,2,2,1,"X","0",2,"2","X","0","X",0,0,"0",0,0,"0",0,"0",2399588.83000097,17035403.6064808
"455","BH39",2021,2,4,0.5,4,4,4,0,0,0,0,0,0,2,2,1,"X","0",2,"1","X","0","0",0,0,"0",0,0,"0",0,"0",2399614.87551204,17035425.4612595
"456","BH39",2021,3,3,0,3,3,3,0,0,0,0,0,0,2,2,0.5,"X","0",1,"0.5","0","0","X",0,0.5,"0",0,0,"0",0,"0",2399653.17773419,17035457.60064
"457","BH39",2022,1,3,1,3,3,3,0,0,0,0,0,0,1,1,0,"0","0",1,"X","X","0","0",0,0,"0",0,0,"0",0,"0",2399588.83000097,17035403.6064808
"458","BH39",2022,2,4,1,4,4,4,0,0,0,0,0,0,0.5,0.5,0,"0","0",0.5,"X","0","0","0",0,0,"0",0,0,"0",0,"0",2399614.87551204,17035425.4612595
"459","BH39",2022,3,4,0.5,4,4,4,0,0,0,0,0,0,1,1,1,"X","0",1,"X","0","0","0",0,0,"0",0,0,"0",0,"0",2399653.17773419,17035457.60064
"460","BH39",2023,1,4,0,4,3,3,0,0,0,0,0,0,2,2,2,"X","0",1,"0.1","X","0","0",0,0,"0",0,0,"0",0,"0",2399588.83000097,17035403.6064808
"461","BH39",2023,2,2,1,2,2,2,0,1,0,0,0,0,2,2,2,"X","0",1,"0.5","X","X","0",0,0,"0",0,1,"X",0,"0",2399614.87551204,17035425.4612595
"462","BH39",2023,3,2,0,2,2,2,0,0,0,0,0,0,2,2,1,"X","0",1,"0.5","X","0","X",0,0,"0",0,0,"0",0,"0",2399653.17773419,17035457.60064
