"","Station","Year","GRID","TOT","TDR","T_DR","TSG","Tt","Sf","Hw","Rm","HE","HD","HJ","TMA","TGA","TGO","BAT","CA","TCAL","HAL","PEN","UDO","ACE","AL","AS","RHI","TRO","TBR","SAR","SP","HC","Latitude","Longitude"
"1","BH06",2009,1,2,0,2,2,2,0,0,0,0,0,0,0,0,0,"0","0",0,"0","0","0","0",0,0,"0",0,0,"0",0,"0",25.89908333,80.13266667
"2","BH06",2009,2,5,0,5,5,0,5,0,0,0,0,0,0,0,0,"0","0",0,"0","0","0","0",0,0,"0",0,0,"0",0,"0",25.89908333,80.13266667
"3","BH06",2009,3,0,0,0,0,0,0,0,0,0,0,0,0,0,0,"0","0",0,"0","0","0","0",0,0,"0",0,0,"0",0,"0",25.89908333,80.13266667
"4","BH06",2010,1,4,2,4,4,3,4,0,0,0,0,0,0,0,0,"0","0",0,"0","0","0","0",0,0,"0",0,0,"0",0,"0",25.89908333,80.13266667
"5","BH06",2010,2,2,1,2,2,1,2,0,0,0,0,0,0,0,0,"0","0",0,"0","0","0","0",0,0,"0",0,0,"0",0,"0",25.89908333,80.13266667
"6","BH06",2010,3,5,2,4,4,3,3,0,0,0,0,0,0,0,0,"0","0",0,"0","0","0","0",0,0,"0",0,0,"0",0,"0",25.89908333,80.13266667
"7","BH06",2011,1,2,0,2,2,2,0,0,0,0,0,0,0,0,0,"0","0",0,"0","0","0","0",0,0,"0",0,0,"0",0,"0",25.89908333,80.13266667
"8","BH06",2011,2,5,0.5,5,5,1,5,0,0,0,0,0,0,0,0,"0","0",0,"0","0","0","0",0,0,"0",0,0,"0",0.1,"0",25.89908333,80.13266667
"9","BH06",2011,3,4,0.5,4,4,0.5,4,0,0,0,0,0,0,0,0,"0","0",0,"0","0","0","0",0,0,"0",0,0,"0",0.1,"0",25.89908333,80.13266667
"10","BH06",2012,1,2,0,2,2,2,0,0.1,0,0,0,0,0,0,0,"0","0",0,"0","0","0","0",0,0,"0",0,0,"0",0,"0",25.89908333,80.13266667
"11","BH06",2012,2,3,0,3,3,2,3,0,0,0,0,0,0,0,0,"0","0",0,"0","0","0","0",0,0,"0",0,0,"0",0,"0",25.89908333,80.13266667
"12","BH06",2012,3,4,0,4,4,0,4,0,0,0,0,0,0,0,0,"0","0",0,"0","0","0","0",0,0,"0",0,0,"0",0,"0",25.89908333,80.13266667
"13","BH06",2013,1,3,0,3,3,2,2,0,0,0,0,0,0,0,0,"0","0",0,"0","0","0","0",0,0,"0",0,0,"0",0,"0",25.89908333,80.13266667
"14","BH06",2013,2,5,0,5,5,3,4,0,0,0,0,0,0,0,0,"0","0",0,"0","0","0","0",0,0,"0",0,0,"0",0,"0",25.89908333,80.13266667
"15","BH06",2013,3,4,1,4,4,3,3,0,0,0,0,0,0,0,0,"0","0",0,"0","0","0","0",0,0,"0",0,0,"0",0,"0",25.89908333,80.13266667
"16","BH06",2014,1,5,0,5,5,3,4,0,0,0,0,0,0.5,0.5,0,"0","0",0.5,"0","0","X","0",0,0,"0",0,0,"0",0,"0",25.89908333,80.13266667
"17","BH06",2014,2,5,0,5,5,2,4,0,0,0,0,0,0,0,0,"0","0",0,"0","0","0","0",0,0,"0",0,0,"0",0,"0",25.89908333,80.13266667
"18","BH06",2014,3,4,0,4,4,2,3,0,0,0,0,0,0,0,0,"0","0",0,"0","0","0","0",0,0,"0",0,0,"0",0,"0",25.89908333,80.13266667
"19","BH06",2016,1,0.5,0,0.5,0,0,0,0,0,0,0,0,0.5,0,0,"0","0",0,"0","0","0","0",0,0,"0",0.5,0,"0",0,"0",25.89908333,80.13266667
"20","BH06",2016,2,0.5,0,0.5,0,0,0,0,0,0,0,0,0.5,0.5,0.5,"0","X",0,"0","0","0","0",0,0,"0",0,0,"0",0,"0",25.89908333,80.13266667
"21","BH06",2016,3,1,0,1,0,0,0,0,0,0,0,0,1,1,0.5,"0","X",0.5,"X","0","X","0",0,0,"0",0.5,0,"0",0,"0",25.89908333,80.13266667
"22","BH06",2017,1,0.5,0,1,0,0,0,0,0,0,0,0,0.5,0.5,0.5,"0","X",0.5,"X","X","X","0",0,0,"0",0,0,"0",0,"0",25.89908333,80.13266667
"23","BH06",2017,2,0.5,0,1,0,0,0,0,0,0,0,0,0.5,0.5,0.5,"0","X",0.5,"X","X","X","0",0,0,"0",0,0,"0",0,"0",25.89908333,80.13266667
"24","BH06",2017,3,1,0,1,0,0,0,0,0,0,0,0,1,1,0.5,"0","X",0.5,"X","X","X","0",0,0,"0",0,0,"0",0,"0",25.89908333,80.13266667
"25","BH06",2018,1,0.5,0,0.5,0,0,0,0,0,0,0,0,0.5,0.5,0,"0","0",0.5,"0","0","X","X",0,0,"0",0,0,"0",0,"0",25.89908333,80.13266667
"26","BH06",2018,2,0,0,0,0,0,0,0,0,0,0,0,0,0,0,"0","0",0,"0","0","0","0",0,0,"0",0,0,"0",0,"0",25.89908333,80.13266667
"27","BH06",2018,3,1,0,1,1,0,0,1,0,0,0,0,0.5,0.5,0,"0","0",0.5,"X","0","X","0",0,0,"0",0,0,"0",0,"0",25.89908333,80.13266667
"28","BH06",2019,1,1,0.5,1,1,0,0,1,0,0,0,0,0.5,0.5,0,"0","0",0.5,"0","0","X","0",0,0,"0",0,0,"0",0,"0",25.89908333,80.13266667
"29","BH06",2019,2,0.5,0.5,0.5,0,0,0,0,0,0,0,0,0.5,0.5,0,"0","0",0.5,"0","0","X","0",0,0,"0",0,0,"0",0,"0",25.89908333,80.13266667
"30","BH06",2019,3,0.5,0.5,0.5,0,0,0,0,0,0,0,0,0.5,0.5,0,"0","0",0.5,"X","0","X","0",0,0,"0",0,0,"0",0,"0",25.89908333,80.13266667
"31","BH06",2020,1,2,0.5,2,2,0,0,2,0,0,2,0,1,1,0.5,"0","X",1,"X","0","X","X",0,0,"0",0.5,0,"0",0,"0",25.89908333,80.13266667
"32","BH06",2020,2,2,0,2,2,0,2,1,0,0,0,0,0.5,0.5,0,"0","0",0.5,"X","X","0","0",0,0,"0",0.5,0,"0",0,"0",25.89908333,80.13266667
"33","BH06",2020,3,4,0,4,4,0,0,4,0,0,0,0,1,1,0.5,"0","X",1,"X","X","X","0",0,0,"0",0,0,"0",0,"0",25.89908333,80.13266667
"34","BH06",2021,1,2,1,2,2,0,0,2,0,0,0,1,1,1,0,"0","0",1,"0.5","0","X","0",0,0,"0",0,0,"0",0,"0",25.89908333,80.13266667
"35","BH06",2021,2,1,0,1,1,0,0,1,0,0,0,0,0,0,0,"0","0",0,"0","0","0","0",0,0,"0",0,0,"0",0,"0",25.89908333,80.13266667
"36","BH06",2021,3,2,1,2,1,0,0,1,0,0,0,0.5,0.5,0.5,0,"0","0",0.5,"0","0","X","0",0,0,"0",0.5,0.5,"0.5",0,"0",25.89908333,80.13266667
"37","BH06",2022,1,2,2,1,1,0,0,1,0,0,0,0,1,1,0,"0","0",1,"X","0","X","0",0,0,"0",0,0,"0",0,"0",25.89908333,80.13266667
"38","BH06",2022,2,2,1,2,1,0,0,1,0,0,0,0,1,1,0,"0","0",1,"X","0","X","0",0,0,"0",0,0,"0",0,"0",25.89908333,80.13266667
"39","BH06",2022,3,1,0,1,0.1,0,0,0.1,0,0,0,0,1,1,0.5,"X","X",1,"X","0","X","0",0,0,"0",0,0,"0",0,"0",25.89908333,80.13266667
"40","BH06",2023,1,2,1,2,0,0,0,0,0,0,0,0,2,2,0,"0","0",2,"2","0","0","0",0,0,"0",0,0,"0",0,"0",25.89908333,80.13266667
"41","BH06",2023,2,2,1,2,0,0,0,0,0,0,0,0,2,2,0,"0","0",2,"2","0","0","0",0,0,"0",0,0,"0",0,"0",25.89908333,80.13266667
"42","BH06",2023,3,2,1,2,0,0,0,0,0,0,0,0,2,2,0,"0","0",2,"2","0","0","0",0,0,"0",0,0,"0",0,"0",25.89908333,80.13266667
"43","BH10",2009,1,0,0,0,0,0,0,0,0,0,0,0,0,0,0,"0","0",0,"0","0","0","0",0,0,"0",0,0,"0",0,"0",25.87021667,80.1473
"44","BH10",2009,2,3,3,2,2,0,0,2,0,0,0,0,1,1,0,"0","0",1,"X","0","0","0",0,0,"0",0,0,"0",0.1,"0",25.87021667,80.1473
"45","BH10",2009,3,5,2,5,5,0,5,0,0,0,0,0,0,0,0,"0","0",0,"0","0","0","0",0,0,"0",0,0,"0",0,"0",25.87021667,80.1473
"46","BH10",2010,1,2,1,2,2,0,2,1,0,0,0.5,0,0.5,0.5,0.5,"0","X",0.5,"0","0","0","X",0,0,"0",0,0,"0",0,"0",25.87021667,80.1473
"47","BH10",2010,2,1,0,1,1,0,0,0,0,0,0,0,0,0,0,"0","0",0,"0","0","0","0",0,0,"0",0,0,"0",1,"0",25.87021667,80.1473
"48","BH10",2010,3,1,0,1,1,0,0,1,0,0,0,0,0,0,0,"0","0",0,"0","0","0","0",0,0,"0",0,0,"0",0,"0",25.87021667,80.1473
"49","BH10",2011,1,0,0,0,0,0,0,0,0,0,0,0,0,0,0,"0","0",0,"0","0","0","0",0,0,"0",0,0,"0",0,"0",25.87021667,80.1473
"50","BH10",2011,2,0,0,0,0,0,0,0,0,0,0,0,0,0,0,"0","0",0,"0","0","0","0",0,0,"0",0,0,"0",0,"0",25.87021667,80.1473
"51","BH10",2011,3,0,0,0,0,0,0,0,0,0,0,0,0,0,0,"0","0",0,"0","0","0","0",0,0,"0",0,0,"0",0,"0",25.87021667,80.1473
"52","BH10",2012,1,0,0,0,0,0,0,0,0,0,0,0,0,0,0,"0","0",0,"0","0","0","0",0,0,"0",0,0,"0",0,"0",25.87021667,80.1473
"53","BH10",2012,2,0,0,0,0,0,0,0,0,0,0,0,0,0,0,"0","0",0,"0","0","0","0",0,0,"0",0,0,"0",0,"0",25.87021667,80.1473
"54","BH10",2012,3,0,0,0,0,0,0,0,0,0,0,0,0,0,0,"0","0",0,"0","0","0","0",0,0,"0",0,0,"0",0,"0",25.87021667,80.1473
"55","BH10",2013,1,0,0,0,0,0,0,0,0,0,0,0,0,0,0,"0","0",0,"0","0","0","0",0,0,"0",0,0,"0",0,"0",25.87021667,80.1473
"56","BH10",2013,2,0,0,0,0,0,0,0,0,0,0,0,0,0,0,"0","0",0,"0","0","0","0",0,0,"0",0,0,"0",0,"0",25.87021667,80.1473
"57","BH10",2013,3,0,0,0,0,0,0,0,0,0,0,0,0,0,0,"0","0",0,"0","0","0","0",0,0,"0",0,0,"0",0,"0",25.87021667,80.1473
"58","BH10",2014,1,0,0,0,0,0,0,0,0,0,0,0,0,0,0,"0","0",0,"0","0","0","0",0,0,"0",0,0,"0",0,"0",25.87021667,80.1473
"59","BH10",2014,2,0,0,0,0,0,0,0,0,0,0,0,0,0,0,"0","0",0,"0","0","0","0",0,0,"0",0,0,"0",0,"0",25.87021667,80.1473
"60","BH10",2014,3,0,0,0,0,0,0,0,0,0,0,0,0,0,0,"0","0",0,"0","0","0","0",0,0,"0",0,0,"0",0,"0",25.87021667,80.1473
"61","BH10",2016,1,0,0,0,0,0,0,0,0,0,0,0,0,0,0,"0","0",0,"0","0","0","0",0,0,"0",0,0,"0",0,"0",25.87021667,80.1473
"62","BH10",2016,2,0,0,0,0,0,0,0,0,0,0,0,0,0,0,"0","0",0,"0","0","0","0",0,0,"0",0,0,"0",0,"0",25.87021667,80.1473
"63","BH10",2016,3,0,0,0,0,0,0,0,0,0,0,0,0,0,0,"0","0",0,"0","0","0","0",0,0,"0",0,0,"0",0,"0",25.87021667,80.1473
"64","BH10",2017,1,0,0,0,0,0,0,0,0,0,0,0,0,0,0,"0","0",0,"0","0","0","0",0,0,"0",0,0,"0",0.1,"0",25.87021667,80.1473
"65","BH10",2017,2,0,0,0,0,0,0,0,0,0,0,0,0,0,0,"0","0",0,"0","0","0","0",0,0,"0",0,0,"0",0,"0",25.87021667,80.1473
"66","BH10",2017,3,0,0,0,0,0,0,0,0,0,0,0,0,0,0,"0","0",0,"0","0","0","0",0,0,"0",0,0,"0",0.5,"0",25.87021667,80.1473
"67","BH10",2018,1,2,2,2,2,0,0,0,0,0,2,0,0.5,0.5,0,"0","0",0.5,"0","0","0","X",0,0,"0",0,0,"0",0.1,"0",25.87021667,80.1473
"68","BH10",2018,2,2,2,2,2,0,0,0,0,0,2,NA,1,0.5,0,"0","0",0.5,"0","0","0","X",0,0,"0",0,1,"0",0.1,"1",25.87021667,80.1473
"69","BH10",2018,3,2,2,0.5,0,0,0,0,0,0,0,0,0.5,0.5,0,"0","0",0.5,"X","0","0","X",0,0,"0",0,0,"0",2,"0",25.87021667,80.1473
"70","BH10",2019,1,1,1,1,0,0,0,0,0,0,0,0,1,1,0,"0","0",1,"X","0","0","X",0,0,"0",0,0,"0",0,"0",25.87021667,80.1473
"71","BH10",2019,2,2,1,2,0,0,0,0,0,0,0,0,2,2,0,"0","0",2,"X","X","0","X",0,0,"0",0,0,"0",0,"0",25.87021667,80.1473
"72","BH10",2019,3,2,0,2,0,0,0,0,0,0,0,0,2,2,0,"0","0",2,"0","X","0","X",0,0,"0",0,0,"0",0,"0",25.87021667,80.1473
"73","BH10",2020,1,3,1,3,0,0,0,0,0,0,0,0,3,3,0,"0","0",3,"X","0","0","0",0,0,"0",0,0,"0",0,"0",25.87021667,80.1473
"74","BH10",2020,2,4,3,3,1,0,0,1,0,0,0,0,3,3,0.5,"0","X",3,"X","0","0","0",0,0,"0",0,0,"0",0,"0",25.87021667,80.1473
"75","BH10",2020,3,4,2,4,0,0,0,0,0,0,0,0,4,4,0,"0","0",4,"X","0","0","0",0,0,"0",0,0,"0",1,"0",25.87021667,80.1473
"76","BH10",2021,1,2,2,2,2,0,0,0,0,0,2,0,2,2,1,"0","X",2,"2","0","X","0",0,0,"0",0,0,"0",0,"0",25.87021667,80.1473
"77","BH10",2021,2,3,2,3,1,0,1,0,0,0,0,0,3,3,1,"X","0",3,"3","0","0","X",0,0,"0",0,0,"0",0,"0",25.87021667,80.1473
"78","BH10",2021,3,3,1,3,2,0,2,0,0,0,0,0,3,3,0.5,"X","0",3,"3","0","0","0",0,0,"0",0,0,"0",0,"0",25.87021667,80.1473
"79","BH10",2022,1,4,2,3,0,0,0,0,0,0,0,0,3,3,0,"0","0",3,"X","X","0","0",0,0,"0",0,0,"0",0,"0",25.87021667,80.1473
"80","BH10",2022,2,4,2,3,0,0,0,0,0,0,0,0,3,3,0,"0","0",3,"X","0","0","X",0,0,"0",0,0,"0",0,"0",25.87021667,80.1473
"81","BH10",2022,3,4,2,4,0,0,0,0,0,0,0,0,4,4,0,"0","0",4,"X","0","0","1",0,0,"0",0,0,"0",0,"0",25.87021667,80.1473
"82","BH10",2023,1,5,3,4,1,0,1,0,0,0,0,0,4,4,0,"0","0",4,"3","0","0","X",0,0,"0",0,0,"0",0,"0",25.87021667,80.1473
"83","BH10",2023,2,4,1,4,2,0,2,0,0,0,0,0,3,3,0,"0","0",3,"3","0","0","X",0,0,"0",0,0,"0",0,"0",25.87021667,80.1473
"84","BH10",2023,3,5,2,4,2,0,2,0,0,0,0,0,4,4,0,"0","0",4,"4","0","0","X",0,0,"0",0,0,"0",0,"0",25.87021667,80.1473
"85","BH14",2009,1,5,3,4,3,0,3,0,0,0,0,0,0.5,0.5,0,"0","0",0.5,"0","0","0","X",0,0,"0",0,0,"0",0.1,"0",25.81855,80.16168333
"86","BH14",2009,2,4,1,4,4,0,4,0,0,0,0,0,1,1,0,"0","0",1,"0","0","0","X",0,0,"0",0,0,"0",0,"0",25.81855,80.16168333
"87","BH14",2009,3,4,3,4,4,0,4,0,0,0,0,0,0.5,0.5,0,"0","0",0.5,"0","0","0","X",0,0,"0",0,0,"0",0,"0",25.81855,80.16168333
"88","BH14",2010,1,4,3,3,3,0,3,2,0,0,0,0,1,1,1,"X","X",0.5,"0","0","0","X",0,0,"0",0,0,"0",1,"0",25.81855,80.16168333
"89","BH14",2010,2,4,3,3,3,0,3,1,0,0,0,0,1,1,1,"X","0",1,"0","0","0","X",0,0,"0",0,0,"0",0.1,"0",25.81855,80.16168333
"90","BH14",2010,3,5,2,4,3,0,3,0,0,0,0,0,2,2,1,"X","0",1,"0","0","0","X",0,0,"0",0,0,"0",0,"0",25.81855,80.16168333
"91","BH14",2011,1,5,3,4,4,0,4,0,0,0,0,0,2,2,2,"X","0",0.5,"0","0","0","X",0,0,"0",0,0,"0",0,"0",25.81855,80.16168333
"92","BH14",2011,2,5,3,5,5,0,5,0,0,0,0,0,1,1,1,"X","0",0.5,"0","0","0","X",0,0,"0",0,0,"0",0,"0",25.81855,80.16168333
"93","BH14",2011,3,5,2,5,5,0,5,0,0,0,0,0,0.5,0.5,0,"0","0",0.5,"0","0","0","X",0,0,"0",0,0,"0",0,"0",25.81855,80.16168333
"94","BH14",2012,1,5,2,5,5,0,5,1,0,0,0,0,0.5,0.5,0,"0","0",0.5,"0","0","0","X",0,0,"0",0,0,"0",0,"0",25.81855,80.16168333
"95","BH14",2012,2,5,2,5,5,0,5,0,0,0,0,0,0.5,0.5,0,"0","0",2,"0","0","0","X",0,0,"0",0,0,"0",0,"0",25.81855,80.16168333
"96","BH14",2012,3,5,2,5,5,0,5,0,0,0,0,0,0.5,0.5,0.5,"X","X",0.5,"0","0","0","X",0,0,"0",0,0,"0",0,"0",25.81855,80.16168333
"97","BH14",2013,1,4,1,4,4,0,4,0,0,0,0,0,0.5,0.5,0,"0","0",0.5,"0","0","0","X",0,0,"0",0,0,"0",0,"0",25.81855,80.16168333
"98","BH14",2013,2,4,1,4,4,0,4,0,0,0,0,0,0.5,0.5,0,"0","0",0.5,"0","0","0","X",0,0,"0",0,0,"0",0,"0",25.81855,80.16168333
"99","BH14",2013,3,4,1,4,4,0,4,0,0,0,0,0,0.5,0.5,0,"0","0",0.5,"0","0","0","X",0,0,"0",0,0,"0",0,"0",25.81855,80.16168333
"100","BH14",2014,1,4,0,4,4,0,4,0.5,0,0,0,0,0,0,0,"0","0",0,"0","0","0","0",0,0,"0",0,0,"0",0,"0",25.81855,80.16168333
"101","BH14",2014,2,4,0,4,4,0,4,0,0,0,0,0,0.5,0.5,0,"0","0",0.5,"0","0","X","0",0,0,"0",0,0,"0",0,"0",25.81855,80.16168333
"102","BH14",2014,3,4,0,4,4,0,4,1,0,0,0,0,0,0,0,"0","0",0,"0","0","0","0",0,0,"0",0,0,"0",0,"0",25.81855,80.16168333
"103","BH14",2015,1,5,0,5,5,0,5,0.5,0,0,0,0,0.5,0.5,0,"0","0",0.5,"0","0","0","X",0,0,"0",0,0,"0",0,"0",25.81855,80.16168333
"104","BH14",2015,2,4,0,4,4,0,4,0.5,0,0,0,0,0.5,0.5,0,"0","0",0.5,"0","0","0","X",0,0,"0",0,0,"0",0,"0",25.81855,80.16168333
"105","BH14",2015,3,5,0,5,5,0,5,0.5,0,0,0,0,0,0,0,"0","0",0,"0","0","0","0",0,0,"0",0,0,"0",0,"0",25.81855,80.16168333
"106","BH14",2016,1,3,0,3,3,0,3,0,0,0,0,0,0,0,0,"0","0",0,"0","0","0","0",0,0,"0",0,0,"0",0,"0",25.81855,80.16168333
"107","BH14",2016,2,3,0,3,3,0,3,0,0,0,0,0,0,0,0,"0","0",0,"0","0","0","0",0,0,"0",0,0,"0",0,"0",25.81855,80.16168333
"108","BH14",2016,3,3,0,3,3,0,3,0,0,0,0,0,0,0,0,"0","0",0,"0","0","0","0",0,0,"0",0,0,"0",0,"0",25.81855,80.16168333
"109","BH14",2017,1,0,0,0,0,0,0,0,0,0,0,0,0,0,0,"0","0",0,"0","0","0","0",0,0,"0",0,0,"0",0,"0",25.81855,80.16168333
"110","BH14",2017,2,0,0,0,0,0,0,0,0,0,0,0,0,0,0,"0","0",0,"0","0","0","0",0,0,"0",0,0,"0",0,"0",25.81855,80.16168333
"111","BH14",2017,3,0,0,0,0,0,0,0,0,0,0,0,0,0,0,"0","0",0,"0","0","0","0",0,0,"0",0,0,"0",0,"0",25.81855,80.16168333
"112","BH14",2018,1,0.1,0,0.1,0.1,0,0.1,0,0,0,0,0,0,0,0,"0","0",0,"0","0","0","0",0,0,"0",0,0,"0",0,"0",25.81855,80.16168333
"113","BH14",2018,2,0,0,0,0,0,0,0,0,0,0,0,0,0,0,"0","0",0,"0","0","0","0",0,0,"0",0,0,"0",0,"0",25.81855,80.16168333
"114","BH14",2018,3,0,0,0,0,0,0,0,0,0,0,0,0,0,0,"0","0",0,"0","0","0","0",0,0,"0",0,0,"0",0,"0",25.81855,80.16168333
"115","BH14",2019,1,0,0,0,0,0,0,0,0,0,0,0,0,0,0,"0","0",0,"0","0","0","0",0,0,"0",0,0,"0",0,"0",25.81855,80.16168333
"116","BH14",2019,2,0,0,0,0,0,0,0,0,0,0,0,0,0,0,"0","0",0,"0","0","0","0",0,0,"0",0,0,"0",0,"0",25.81855,80.16168333
"117","BH14",2019,3,0,0,0,0,0,0,0,0,0,0,0,0,0,0,"0","0",0,"0","0","0","0",0,0,"0",0,0,"0",0,"0",25.81855,80.16168333
"118","BH14",2020,1,2,2,1,1,0,1,0,0,0,1,0,0,0,0,"0","0",0,"0","0","0","0",0,0,"0",0,0,"0",0.5,"0",25.81855,80.16168333
"119","BH14",2020,2,0,0,0,0,0,0,0,0,0,0,0,0,0,0,"0","0",0,"0","0","0","0",0,0,"0",0,0,"0",0.5,"0",25.81855,80.16168333
"120","BH14",2020,3,2,0,2,0,0,0,0,0,0,2,0,0,0,0,"0","0",0,"0","0","0","0",0,0,"0",0,0,"0",0.5,"0",25.81855,80.16168333
"121","BH14",2021,1,3,0,3,2,0,2,2,0,0,0,0,3,3,0,"0","0",3,"3","0","0","0",0,0,"0",0,0,"0",0,"0",25.81855,80.16168333
"122","BH14",2021,2,2,0,2,2,0,0,1,0,2,0,0,1,1,0,"0","0",1,"1","0","0","0",0,0,"0",0,0,"0",0,"0",25.81855,80.16168333
"123","BH14",2021,3,3,0,3,2,0,0.5,2,0,0,1,0,1,1,0,"0","0",1,"1","0","0","0",0,0,"0",0,0,"0",0,"0",25.81855,80.16168333
"124","BH14",2022,1,3,2,3,2,0,2,0,0,0,0,0,2,2,0,"0","0",2,"X","0","0","0",0,0,"0",0,0,"0",0,"0",25.81855,80.16168333
"125","BH14",2022,2,3,2,3,1,0,0.5,0.5,0,0,0,0,3,3,0,"0","0",3,"X","0","0","0",0,0,"0",0,0,"0",0,"0",25.81855,80.16168333
"126","BH14",2022,3,4,2,3,2,0,0,2,0,0,0,0,3,3,1,"0","X",3,"X","0","0","X",0,0,"0",0,0,"0",0,"0",25.81855,80.16168333
"127","BH14",2023,1,5,0,5,4,0,4,0,0,0,0,0,2,2,1,"X","0",2,"0.5","0","0","X",0,0,"0",0,0,"0",0,"0",25.81855,80.16168333
"128","BH14",2023,2,4,2,4,3,0,3,0,0,0,0,0,2,2,0,"0","0",2,"2","0","0","X",0,0,"0",0,0,"0",0,"0",25.81855,80.16168333
"129","BH14",2023,3,4,1,4,4,0,4,0,0,0,0,0,1,1,0,"0","0",1,"1","0","0","X",0,0,"0",0,0,"0",0,"0",25.81855,80.16168333
"130","BH22",2009,1,5,2,5,5,2,5,0,0,0,0,0,1,1,0,"0","0",1,"0","0","0","X",0,0,"0",0,0,"0",0,"0",25.75988333,80.17733333
"131","BH22",2009,2,5,3,5,5,2,4,1,0,0,0,0,1,1,0,"0","0",1,"X","0","0","X",0,0,"0",0,0,"0",0,"0",25.75988333,80.17733333
"132","BH22",2009,3,5,3,4,4,2,3,1,0,0,0,0,0.5,0.5,0,"0","0",0.5,"0","0","0","X",0,0,"0",0,0,"0",0,"0",25.75988333,80.17733333
"133","BH22",2010,1,4,0.5,4,4,2,3,0,0,0,0,0,1,0.5,0.5,"X","0",0.5,"0","0","0","X",0,0,"0",0,0,"0",0.1,"0",25.75988333,80.17733333
"134","BH22",2010,2,5,2,5,5,2,4,0,0,0,0,0,0.5,0.5,0,"0","0",0.5,"0","0","0","X",0,0,"0",0,0,"0",0,"0",25.75988333,80.17733333
"135","BH22",2010,3,4,3,4,4,3,3,0.5,0,0,0,0,0.5,0.5,0,"0","0",0.5,"0","0","0","X",0,0,"0",0,0,"0",0,"0",25.75988333,80.17733333
"136","BH22",2011,1,4,2,4,4,3,2,0,0,0,0,0,1,1,0,"0","0",1,"0","0","0","X",0,0,"0",0,0,"0",0,"0",25.75988333,80.17733333
"137","BH22",2011,2,5,2,5,5,2,5,0,0,0,0,0,0.5,0.5,0,"0","0",0.5,"0","0","0","X",0,0,"0",0,0,"0",0,"0",25.75988333,80.17733333
"138","BH22",2011,3,5,0,5,5,2,5,0,0,0,0,0,0.5,0.5,0,"0","0",0.5,"0","0","0","X",0,0,"0",0,0,"0",0,"0",25.75988333,80.17733333
"139","BH22",2012,1,5,0,5,5,1,5,0.5,0,0,0,0,0,0,0,"0","0",0,"0","0","0","0",0,0,"0",0,0,"0",0.1,"0",25.75988333,80.17733333
"140","BH22",2012,2,5,0,5,5,0.5,5,0.5,0,0,0,0,0,0,0,"0","0",0,"0","0","0","0",0,0,"0",0,0,"0",0.5,"0",25.75988333,80.17733333
"141","BH22",2012,3,5,0,5,5,2,5,0.5,0,0,0,0,0,0,0,"0","0",0,"0","0","0","0",0,0,"0",0,0,"0",0.5,"0",25.75988333,80.17733333
"142","BH22",2013,1,1,0,1,0,0,0,0,0,0,0,0,1,1,0,"0","0",1,"0","0","X","0",0,0,"0",0,0,"0",0,"0",25.75988333,80.17733333
"143","BH22",2013,2,3,0,3,1,1,0,0,0,0,0,0,3,2,2,"0","X",2,"X","0","0","X",0,0,"0",0,0,"0",0,"0",25.75988333,80.17733333
"144","BH22",2013,3,3,2,3,2,2,0,0,0,0,0,0,3,3,1,"0","X",2,"X","0","X","X",0,0,"0",0,0,"0",0.1,"0",25.75988333,80.17733333
"145","BH22",2014,1,3,0,3,3,0.5,3,0,0,0,0,0,0,0,0,"0","0",0,"0","0","0","0",0,0,"0",0,0,"0",0,"0",25.75988333,80.17733333
"146","BH22",2014,2,3,0,3,3,0,3,0.5,0,0,0,0,0,0,0,"0","0",0,"0","0","0","0",0,0,"0",0,0,"0",0,"0",25.75988333,80.17733333
"147","BH22",2014,3,3,0,3,3,0.5,3,0,0,0,0,0,0,0,0,"0","0",0,"0","0","0","0",0,0,"0",0,0,"0",0,"0",25.75988333,80.17733333
"148","BH22",2015,1,3,0,3,3,3,2,0,0,0,0,0,0,0,0,"0","0",0,"0","0","0","0",0,0,"0",0,0,"0",0,"0",25.75988333,80.17733333
"149","BH22",2015,2,4,1,4,4,4,0,0,0,0,0,0,0,0,0,"0","0",0,"0","0","0","0",0,0,"0",0,0,"0",0.5,"0",25.75988333,80.17733333
"150","BH22",2015,3,0.5,0,0.5,0.5,0.5,0,0,0,0,0,0,0,0,0,"0","0",0,"0","0","0","0",0,0,"0",0,0,"0",0,"0",25.75988333,80.17733333
"151","BH22",2016,1,5,1,5,5,0,4,1,0,0,0,0,0,0,0,"0","0",0,"0","0","0","0",0,0,"0",0,0,"0",0.1,"0",25.75988333,80.17733333
"152","BH22",2016,2,0,0,0,0,0,0,0,0,0,0,0,0,0,0,"0","0",0,"0","0","0","0",0,0,"0",0,0,"0",0,"0",25.75988333,80.17733333
"153","BH22",2016,3,0.5,0,0.5,0.5,0,0,0.5,0,0,0,0,0.5,0.5,0,"0","0",0.5,"0","0","X","0",0,0,"0",0,0,"0",0,"0",25.75988333,80.17733333
"154","BH22",2017,1,5,1,5,5,0,5,1,0,0,0,0,2,2,2,"0","X",0.5,"0","0","X","0",0,0,"0",0.5,0,"0",0,"0",25.75988333,80.17733333
"155","BH22",2017,2,3,0,3,3,0,0,3,0,0,0,0,0.5,0.5,0,"0","0",0.5,"0","0","0","X",0,0,"0",0,0,"0",0,"0",25.75988333,80.17733333
"156","BH22",2017,3,2,0,2,2,0,0,2,0,0,0,0,0,0,0,"0","0",0,"0","0","0","0",0,0,"0",0,0,"0",0,"0",25.75988333,80.17733333
"157","BH22",2018,1,3,0,3,3,0.5,3,0,0,0,0,0,0,0,0,"0","0",0,"0","0","0","0",0,0,"0",0,0,"0",0.1,"0",25.75988333,80.17733333
"158","BH22",2018,2,4,1,4,4,0,4,1,0,0,0,0,1,1,0,"0","0",1,"X","X","0","0",0,0,"0",0,0,"0",0,"0",25.75988333,80.17733333
"159","BH22",2018,3,5,0,5,5,0,4,2,0,0,0,0,1,1,0,"0","0",1,"X","X","0","0",0,0,"0",0,0,"0",0,"0",25.75988333,80.17733333
"160","BH22",2019,1,5,0,5,5,0,5,0,0,0,0,0,0,0,0,"0","0",0,"0","0","0","0",0,0,"0",0,0,"0",0,"0",25.75988333,80.17733333
"161","BH22",2019,2,4,0,4,2,0,2,1,0,0,0,0,4,4,0,"0","0",4,"X","0","0","0",0,0,"0",0,0,"0",0,"0",25.75988333,80.17733333
"162","BH22",2019,3,4,0,4,2,1,2,1,0,0,0,0,4,4,0,"0","0",4,"X","0","0","0",0,0,"0",0,0,"0",0,"0",25.75988333,80.17733333
"163","BH22",2020,1,5,3,4,4,3,3,1,0,0,0,0,1,1,0,"0","0",1,"X","0","0","0",0,0,"0",0,0,"0",0.5,"0",25.75988333,80.17733333
"164","BH22",2020,2,5,3,4,4,1,4,1,0,0,0,0,2,2,0,"0","0",2,"X","0","0","0",0,0,"0",0,0,"0",0,"0",25.75988333,80.17733333
"165","BH22",2020,3,5,1,5,5,0.5,5,0,0,0,0,0,0.5,0.5,0,"0","0",0.5,"X","0","0","0",0,0,"0",0,0,"0",0.5,"0",25.75988333,80.17733333
"166","BH22",2021,1,5,5,3,2,1,1,0,0,0,0,0,3,3,0,"0","0",3,"3","0","0","0",0,0,"0",0,0,"0",0,"0",25.75988333,80.17733333
"167","BH22",2021,2,5,4,3,2,0,2,0,0,0,0,0,3,3,0,"0","0",3,"3","0","0","0",0,0,"0",0,0,"0",0,"0",25.75988333,80.17733333
"168","BH22",2021,3,5,2,5,3,0.5,3,0,0,0,0,0,3,3,0,"0","0",3,"3","0","0","0",0,0,"0",0,0,"0",2,"0",25.75988333,80.17733333
"169","BH22",2022,1,4,1,4,2,0,2,0,0,0,0,0,3,3,0,"0","0",3,"X","0","0","0",0,0,"0",0,0,"0",0.1,"0",25.75988333,80.17733333
"170","BH22",2022,2,4,0,4,3,0,3,0,0,0,0,0,3,3,0,"0","0",3,"X","0","0","0",0,0,"0",0,0,"0",0,"0",25.75988333,80.17733333
"171","BH22",2022,3,5,0,5,4,0,4,0,0,0,0,0,3,3,0,"0","0",3,"X","X","X","X",0,0,"0",0,0,"0",0,"0",25.75988333,80.17733333
"172","BH22",2023,1,3,1,3,2,2,0,0,0,0,0,0,3,3,0,"0","0",3,"3","0","X","0",0,0,"0",0,0,"0",0,"0",25.75988333,80.17733333
"173","BH22",2023,2,3,0,3,1,0,1,0,0,0,0,0,3,3,0,"0","0",3,"3","0","0","0",0,0,"0",0,0,"0",0,"0",25.75988333,80.17733333
"174","BH22",2023,3,3,0,3,2,0,2,0,0,0,0,0,2,2,0,"0","0",2,"2","0","0","0",0,0,"0",0,0,"0",0.5,"0",25.75988333,80.17733333
"175","BH29",2009,1,1,1,0.5,0.5,0.5,0,0,0,0,0,0,0,0,0,"0","0",0,"0","0","0","0",0,0,"0",0,0,"0",0,"0",25.71326667,80.2106
"176","BH29",2009,2,5,1,5,5,4,2,0,0,0,0,0,0.5,0.5,0,"0","0",0.5,"0","X","0","0",0,0,"0",0,0,"0",0,"0",25.71326667,80.2106
"177","BH29",2009,3,4,0.5,4,4,4,0.5,0.5,0,0,0,0,0.5,0.5,0,"0","0",0.5,"X","0","0","0",0,0,"0",0,0,"0",0,"0",25.71326667,80.2106
"178","BH29",2010,1,3,2,3,3,0.5,3,0,0,0,0,0,0,0,0,"0","0",0,"0","0","0","0",0,0,"0",0,0,"0",0,"0",25.71326667,80.2106
"179","BH29",2010,2,5,4,3,3,3,2,0,0,0,0,0,3,3,3,"0","0",0,"0","0","0","0",0,3,"0",0,0,"0",0,"0",25.71326667,80.2106
"180","BH29",2010,3,5,4,3,3,2,3,0,0,0,0,0,2,2,0,"0","0",2,"X","0","0","0",0,2,"0",0,0,"0",0,"0",25.71326667,80.2106
"181","BH29",2011,1,5,0,5,3,3,2,0,0,0,0,0,3,3,3,"0","0",2,"0","X","0","X",3,1,"0",0,0,"0",0,"0",25.71326667,80.2106
"182","BH29",2011,2,5,0,5,3,2,3,0,0,0,0,0,3,3,3,"0","0",1,"X","X","0","0",3,1,"0",0,0,"0",0.1,"0",25.71326667,80.2106
"183","BH29",2011,3,5,0,5,3,3,2,0,0,0,0,0,3,3,3,"0","0",2,"0","X","0","X",3,1,"0",0,0,"0",0,"0",25.71326667,80.2106
"184","BH29",2012,1,5,0,5,2,0.5,2,0,0,0,0,0,5,5,5,"0","0",2,"0","X","0","0",5,0,"0",0,0,"0",0,"0",25.71326667,80.2106
"185","BH29",2012,2,5,0,5,2,0.5,2,0,0,0,0,0,5,5,5,"0","0",0,"0","0","0","0",5,0,"0",0,0,"0",0,"0",25.71326667,80.2106
"186","BH29",2012,3,5,0,5,2,0.5,2,0,0,0,0,0,5,5,5,"0","0",0,"0","0","0","0",0,0,"0",0,0,"0",0,"0",25.71326667,80.2106
"187","BH29",2013,1,3,1,2,2,2,1,0,0,0,0,0,0,0,0,"0","0",0,"0","0","0","0",0,0,"0",0,0,"0",0,"0",25.71326667,80.2106
"188","BH29",2013,2,3,1,3,2,2,0,0,0,0,0,0,2,2,1,"0","X",1,"0","0","0","X",0,0,"0",0,0,"0",0,"0",25.71326667,80.2106
"189","BH29",2013,3,4,2,4,3,0,3,1,0,0,0,0,2,2,0,"0","0",2,"0","X","0","X",0,0,"0",0,0,"0",0,"0",25.71326667,80.2106
"190","BH29",2014,1,4,0,4,2,0,2,0,0,0,0,0,4,4,4,"0","0",0,"0","0","0","0",4,1,"0",0,0,"0",0,"0",25.71326667,80.2106
"191","BH29",2014,2,4,0,4,2,0,2,0,0,0,0,0,4,4,4,"0","0",0,"0","0","0","0",3,1,"0",0,0,"0",0,"0",25.71326667,80.2106
"192","BH29",2014,3,5,0,5,0,0,0,0,0,0,0,0,5,5,5,"0","0",0,"0","0","0","0",5,2,"0",0,0,"0",0,"0",25.71326667,80.2106
"193","BH29",2015,1,5,0,5,3,0,2,2,0,0,0,0,4,4,4,"0","0",0,"0","0","0","0",3,3,"0",0,0,"0",0,"0",25.71326667,80.2106
"194","BH29",2015,2,0,0,0,0,0,0,0,0,0,0,0,0,0,0,"0","0",0,"0","0","0","0",0,0,"0",0,0,"0",0,"0",25.71326667,80.2106
"195","BH29",2015,3,0.5,0,0.5,0,0,0,0,0,0,0,0,0.5,0.5,0.5,"0","0",0.5,"0","0","0","X",0.5,0.5,"0",0,0,"0",0,"0",25.71326667,80.2106
"196","BH29",2016,1,4,0,4,4,0,1,4,0,0,0,0,0,0,0,"0","0",0,"0","0","0","0",0,0,"0",0,0,"0",0.1,"0",25.71326667,80.2106
"197","BH29",2016,2,0,0,0,0,0,0,0,0,0,0,0,0,0,0,"0","0",0,"0","0","0","0",0,0,"0",0,0,"0",0,"0",25.71326667,80.2106
"198","BH29",2016,3,0,0,0,0,0,0,0,0,0,0,0,0,0,0,"0","0",0,"0","0","0","0",0,0,"0",0,0,"0",0,"0",25.71326667,80.2106
"199","BH29",2017,1,4,0.5,4,4,0,1,4,0,2,0,0,0.1,0.1,0,"0","0",0.1,"X","0","0","0",0,0,"0",0,0,"0",0.5,"0",25.71326667,80.2106
"200","BH29",2017,2,3,0,3,0,0,0,0,0,0,0,0,3,3,3,"0","X",0.1,"X","0","0","0",0,0,"0",0,0,"0",0.1,"0",25.71326667,80.2106
"201","BH29",2017,3,2,0,2,0,0,0,0,0,0,0,0,2,2,0.5,"X","0",2,"X","X","0","0",0,0,"0",0.1,0,"0",0,"0",25.71326667,80.2106
"202","BH29",2018,1,4,4,0,0,0,0,0,0,0,0,0,0.5,0.5,0.5,"0","0",0,"0","0","0","0",0,0,"0",0,0,"0",0.5,"""ANA = 0.5""",25.71326667,80.2106
"203","BH29",2018,2,0.5,0,0.5,0,0,0,0,0,0,0,0,0.5,0.5,0.5,"X","0",0,"0","0","0","0",0,0,"0",0,0,"0",0,"0",25.71326667,80.2106
"204","BH29",2018,3,0.5,0,0.5,0,0,0,0,0,0,0,0,0.5,0.5,0.1,"X","0",0.5,"X","0","X","0",0,0,"0",0,0,"0",0,"0",25.71326667,80.2106
"205","BH29",2019,1,0,0,0,0,0,0,0,0,0,0,0,0,0,0,"0","0",0,"0","0","0","0",0,0,"0",0,0,"0",0,"0",25.71326667,80.2106
"206","BH29",2019,2,3,0,3,2,0,1,2,0,0,0,0,2,2,0,"0","0",2,"X","0","0","0",0,0,"0",0,0,"0",0,"0",25.71326667,80.2106
"207","BH29",2019,3,3,0,3,2,0,0,0,0,2,0,0,2,2,0,"0","0",2,"X","0","0","0",0,0,"0",0,0,"0",0,"0",25.71326667,80.2106
"208","BH29",2020,1,5,2,5,0,0,0,0,0,0,0,0,5,5,0,"0","0",5,"X","0","0","0",0,0,"0",0,0,"0",0,"0",25.71326667,80.2106
"209","BH29",2020,2,4,2,4,0,0,0,0,0,0,0,0,4,4,0,"0","0",4,"X","0","0","X",0,0,"0",0,0,"0",0.5,"0",25.71326667,80.2106
"210","BH29",2020,3,4,3,3,0,0,0,0,0,0,0,0,3,3,0,"0","0",3,"X","0","0","0",0,0,"0",0,0,"0",0.5,"0",25.71326667,80.2106
"211","BH29",2021,1,5,0,5,1,0,1,0,0,0,0,0,5,5,0,"0","0",5,"5","0","0","0",0,0,"0",0,0,"0",0,"0",25.71326667,80.2106
"212","BH29",2021,2,3,0,3,2,0,0,2,0,0,0,0,2,2,1,"0","0",1,"1","0","0","0",0,1,"0",0,0,"0",0,"0",25.71326667,80.2106
"213","BH29",2021,3,2,0,2,2,2,0,0,0,0,0,0,2,2,0,"0","0",2,"2","0","0","0",0,0,"0",0,0,"0",0.1,"0",25.71326667,80.2106
"214","BH29",2022,1,4,0,4,0.5,0,0,0.5,0,0,0,0,4,4,3,"0","0",3,"X","0","0","0",0,3,"0",0,0,"0",0,"0",25.71326667,80.2106
"215","BH29",2022,2,4,0,4,0,0,0,0,0,0,0,0,4,4,2,"0","0",4,"X","0","0","0",0,2,"0",0,0,"0",0,"0",25.71326667,80.2106
"216","BH29",2022,3,5,0,5,1,0,0,1,0,0,0,0,5,5,5,"0","0",2,"X","0","0","0",0,5,"0",0,0,"0",0,"0",25.71326667,80.2106
"217","BH29",2023,1,5,0,5,0,0,0,0,0,0,0,0,5,5,5,"0","0",0,"0","0","0","0",0,5,"0",0,0,"0",0,"0",25.71326667,80.2106
"218","BH29",2023,2,5,0,5,0,0,0,0,0,0,0,0,5,5,5,"0","0",0,"0","0","0","0",0,5,"0",0,0,"0",0,"0",25.71326667,80.2106
"219","BH29",2023,3,5,0,5,0,0,0,0,0,0,0,0,5,5,5,"0","0",0,"0","0","0","0",0,5,"0",0,0,"0",0,"0",25.71326667,80.2106
"220","BH31",2009,1,3,3,3,3,3,0,0,0,0,0,0,2,2,0,"0","0",2,"X","X","0","0",0,0,"0",0,0,"0",0.5,"0",25.62568333,80.2211
"221","BH31",2009,2,5,0.5,5,5,5,0,0,0,0,0,0,2,2,0,"0","0",2,"X","X","0","0",0,0,"0",0,0,"0",0.1,"0",25.62568333,80.2211
"222","BH31",2009,3,5,0.5,5,5,5,0,0,0,0,0,0,1,1,0,"0","0",1,"X","X","0","0",0,0,"0",0,0,"0",0.5,"0",25.62568333,80.2211
"223","BH31",2010,1,5,3,4,3,3,0,0,0,0,0,0,2,2,0,"0","0",2,"X","0","0","0",0,0,"0",0,0,"0",0,"0",25.62568333,80.2211
"224","BH31",2010,2,5,3,5,5,5,0,0,0,0,0,0,0.5,0.5,0,"0","0",0.5,"X","X","0","0",0,0,"0",0,0,"0",0,"0",25.62568333,80.2211
"225","BH31",2010,3,5,3,5,5,5,0,0,0,0,0,0,1,1,0.5,"0","X",1,"X","X","0","0",0,0,"0",0,0,"0",0,"0",25.62568333,80.2211
"226","BH31",2011,1,4,0,4,4,4,0,0,0,0,0,0,1,1,0,"0","0",1,"X","0","0","0",0,0,"0",0,0,"0",0,"0",25.62568333,80.2211
"227","BH31",2011,2,4,2,4,3,3,0,0,0,0,0,0,2,2,0,"0","0",2,"X","X","0","X",0,0,"0",0,0,"0",0,"0",25.62568333,80.2211
"228","BH31",2011,3,4,2,4,4,4,0,0,0,0,0,0,2,2,0,"0","0",2,"X","X","0","0",0,0,"0",0,0,"0",0,"0",25.62568333,80.2211
"229","BH31",2012,1,4,0,4,3,3,0,0,0,0,0,0,2,2,0,"0","0",2,"X","X","X","0",0,0,"0",0,1,"X",0,"0",25.62568333,80.2211
"230","BH31",2012,2,5,2,4,4,4,0,0,0,0,0,0,2,2,0,"0","0",2,"X","X","X","0",0,0,"0",0,0,"0",0,"0",25.62568333,80.2211
"231","BH31",2012,3,5,0,5,4,4,0,0,0,0,0,0,2,2,0,"0","0",2,"X","X","0","0",0,0,"0",0,0,"0",0,"0",25.62568333,80.2211
"232","BH31",2013,1,4,0,4,4,4,0,0,0,0,0,0,1,1,0,"0","0",1,"X","X","0","0",0,0,"0",0,0,"0",0.5,"0",25.62568333,80.2211
"233","BH31",2013,2,5,3,4,4,4,0,0,0,0,0,0,2,2,0,"0","0",2,"X","X","X","0",0,0,"0",0,0,"0",0,"0",25.62568333,80.2211
"234","BH31",2013,3,5,3,4,4,4,0,0,0,0,0,0,2,2,0,"0","0",2,"X","X","0","0",0,0,"0",0,0,"0",0,"0",25.62568333,80.2211
"235","BH31",2014,1,5,0,5,5,5,0,0,0,0,0,0,2,2,0,"0","0",2,"X","0","0","0",0,0,"0",0,0,"0",0.1,"0",25.62568333,80.2211
"236","BH31",2014,2,5,0,5,5,5,0,0,0,0,0,0,2,2,0,"0","0",2,"X","X","0","0",0,0,"0",0,0,"0",0.1,"0",25.62568333,80.2211
"237","BH31",2014,3,3,1,3,3,3,0,0,0,0,0,0,2,2,0,"0","0",2,"X","X","0","0",0,0,"0",0,0,"0",0,"0",25.62568333,80.2211
"238","BH31",2017,1,4,1,4,4,4,0,0,0,0,0,0,2,2,0.5,"0","X",2,"X","X","0","0",0,0,"0",0,0,"0",0.5,"0",25.62568333,80.2211
"239","BH31",2017,2,4,3,3,3,3,0,0,0,0,0,0,2,2,1,"0","X",2,"X","X","X","0",0,0,"0",0,0,"0",0.5,"0",25.62568333,80.2211
"240","BH31",2017,3,4,3,4,4,4,0,0,0,0,0,0,2,2,0,"0","0",2,"X","X","0","0",0,0,"X",0,0,"0",0.5,"0",25.62568333,80.2211
"241","BH31",2018,1,4,0,4,4,4,0,0,0,0,0,0,1,1,0,"0","0",1,"X","X","X","0",0,0,"0",0,0,"0",0,"0",25.62568333,80.2211
"242","BH31",2018,2,4,1,3,3,3,0,0,0,0,0,0,1,1,0,"0","0",1,"X","0","0","0",0,0,"0",0,0,"0",0.5,"0",25.62568333,80.2211
"243","BH31",2018,3,3,0.5,3,3,3,0,0,0,0,0,0,2,2,0,"0","0",2,"X","X","X","0",0,0,"0",0,0,"0",0,"0",25.62568333,80.2211
"244","BH31",2019,1,4,0.1,4,3,3,0,0,0,0,0,0,2,2,0.5,"0","X",1,"X","X","0","0",0,0,"0",0,0,"0",0.1,"0",25.62568333,80.2211
"245","BH31",2019,2,3,2,2,2,2,0,0,0,0,0,0,1,1,0.5,"0","X",1,"X","X","0","0",0,0,"0",0,0,"0",0.5,"0",25.62568333,80.2211
"246","BH31",2019,3,4,2,3,3,3,0,0,0,0,0,0,2,2,0,"0","0",2,"X","X","0","0",0,0,"0",0,0,"0",0,"0",25.62568333,80.2211
"247","BH31",2020,1,3,1,3,1,1,0,0,0,0,0,0,3,3,0.5,"0","X",3,"X","X","0","0",0,0,"0",0,0,"0",0.5,"0",25.62568333,80.2211
"248","BH31",2020,2,2,1,2,2,2,0,0,0,0,0,0,2,2,0,"0","0",2,"X","X","0","0",0,0,"X",0,0,"0",0.5,"0",25.62568333,80.2211
"249","BH31",2020,3,4,2,3,3,3,0,0,0,0,0,0,2,2,0,"0","0",2,"X","X","0","0",0,0,"0",0,0,"0",1,"0",25.62568333,80.2211
"250","BH31",2021,1,5,2,4,4,4,0,0,0,0,0,0,2,2,0,"0","0",2,"X","X","0","0",0,0,"0",0,0,"0",0,"0",25.62568333,80.2211
"251","BH31",2021,2,4,2,4,4,4,0,0,0,0,0,0,2,2,0,"0","0",2,"X","X","0","0",0,0,"0",0,0,"0",0,"0",25.62568333,80.2211
"252","BH31",2021,3,4,2,4,4,4,0,0,0,0,0,0,2,2,0.5,"0","X",2,"X","X","X","0",0,0,"0",0,0,"0",0,"0",25.62568333,80.2211
"253","BH31",2022,1,4,3,2,2,2,0,0,0,0,0,0,2,2,0,"0","0",2,"X","X","0","0",0,0,"0",0,0,"0",0.1,"0",25.62568333,80.2211
"254","BH31",2022,2,4,2,3,3,3,0,0,0,0,0,0,2,2,0,"0","0",2,"X","X","X","0",0,0,"0",0,0,"0",0,"0",25.62568333,80.2211
"255","BH31",2022,3,4,1,4,4,0,0,0,0,0,0,0,1,1,0,"0","0",1,"X","X","X","0",0,0,"0",0,0,"0",0,"0",25.62568333,80.2211
"256","BH31",2023,1,5,4,2,2,2,0,0,0,0,0,0,2,2,0,"0","0",2,"2","X","0","0",0,0,"0",2,0,"0",1,"0",25.62568333,80.2211
"257","BH31",2023,2,3,2,2,2,2,0,0,0,0,0,0,2,2,0,"0","0",2,"2","X","0","0",0,0,"0",0,0,"0",0,"0",25.62568333,80.2211
"258","BH31",2023,3,4,3,2,2,2,0,0,0,0,0,0,2,2,0,"0","0",2,"1","X","0","0",0,0,"0",0,0,"0",0.5,"0",25.62568333,80.2211
"259","BH34",2009,1,5,0,5,5,5,0,0.5,0,0,0,0,3,3,3,"0","0",3,"0","0","0","0",0,3,"0",0,0,"0",0,"0",25.65203333,80.26005
"260","BH34",2009,2,5,0,5,0.5,0.5,0,0,0,0,0,0,5,5,5,"0","0",5,"0","0","0","0",0,5,"0",0,0,"0",0,"0",25.65203333,80.26005
"261","BH34",2009,3,5,0,5,0,0,0,0,0,0,0,0,5,5,5,"0","0",5,"0","0","0","0",0,5,"0",0,0,"0",0,"0",25.65203333,80.26005
"262","BH34",2010,1,5,0,5,0,0,0,0,0,0,0,0,5,5,5,"0","0",0,"0","0","0","0",0,5,"0",0,0,"0",0,"0",25.65203333,80.26005
"263","BH34",2010,2,5,0,5,0,0,0,0,0,0,0,0,5,5,5,"0","0",0,"0","0","0","0",0,5,"0",0,0,"0",0,"0",25.65203333,80.26005
"264","BH34",2010,3,5,0,5,0,0,0,0,0,0,0,0,5,5,5,"0","0",0,"0","0","0","0",0,5,"0",0,0,"0",0,"0",25.65203333,80.26005
"265","BH34",2011,1,5,0,5,0,0,0,0,0,0,0,0,5,5,5,"0","0",0,"0","0","0","0",5,2,"0",0,0,"0",0,"0",25.65203333,80.26005
"266","BH34",2011,2,5,0,5,0,0,0,0,0,0,0,0,5,5,5,"0","0",0,"0","0","0","0",5,2,"0",0,0,"0",0,"0",25.65203333,80.26005
"267","BH34",2011,3,5,0,5,3,3,0,0,0,0,0,0,3,3,3,"0","0",0,"0","0","0","0",3,1,"0",0,0,"0",0,"0",25.65203333,80.26005
"268","BH34",2012,1,1,0,1,0,0,0,0,0,0,0,0,1,1,1,"0","0",0.5,"0","0","0","X",0,0,"0",0,0,"0",0,"0",25.65203333,80.26005
"269","BH34",2012,2,2,0,2,0,0,0,0,0,0,0,0,2,2,2,"0","0",1,"0","X","0","X",0,0,"0",0,0,"0",0,"0",25.65203333,80.26005
"270","BH34",2012,3,2,0,2,0,0,0,0,0,0,0,0,2,1,1,"0","0",1,"0","0","0","X",0,0,"0",0,0,"0",0,"0",25.65203333,80.26005
"271","BH34",2013,1,2,0,2,0,0,0,0,0,0,0,0,2,2,0,"0","0",2,"0","X","0","X",0,0,"0",0,0,"0",0,"0",25.65203333,80.26005
"272","BH34",2013,2,3,1,3,0,0,0,0,0,0,0,0,3,3,3,"0","0",2,"0","X","0","X",3,1,"0",0,0,"0",0,"0",25.65203333,80.26005
"273","BH34",2013,3,4,0,4,0,0,0,0,0,0,0,0,4,4,4,"0","0",1,"0","0","0","X",4,0,"0",0,0,"0",0,"0",25.65203333,80.26005
"274","BH34",2014,1,1,0,1,0,0,0,0,0,0,0,0,1,1,1,"X","0",1,"0","X","0","0",1,1,"0",0,0,"0",0,"0",25.65203333,80.26005
"275","BH34",2014,2,1,0,1,0,0,0,0,0,0,0,0,1,1,1,"X","0",0.5,"X","X","0","0",1,1,"0",0.5,0,"0",0,"0",25.65203333,80.26005
"276","BH34",2014,3,1,0,1,0,0,0,0,0,0,0,0,1,1,0.1,"X","0",1,"0","X","0","0",0,0.5,"0",0,0,"0",0,"0",25.65203333,80.26005
"277","BH34",2015,1,3,0,3,2,0,0,2,0,0,0,0,3,3,3,"0","0",0.5,"0","0","0","X",3,0.5,"0",0,0,"0",0,"0",25.65203333,80.26005
"278","BH34",2015,2,4,0,4,1,0,0,1,0,0,0,0,3,3,3,"X","0",0.5,"0","0","X","0",3,0,"0",0,0.5,"X",0.5,"0",25.65203333,80.26005
"279","BH34",2015,3,3,0,3,2,0,0,2,0,0,0,0,3,3,3,"0","0",0.5,"0","0","X","0",3,1,"0",0,0.5,"X",0,"0",25.65203333,80.26005
"280","BH34",2016,1,0.5,0,0.5,0.5,0.5,0,0,0,0,0,0,0.5,0,0,"0","0",0.5,"X","X","X","0",0,0,"0",0,0,"0",0.1,"0",25.65203333,80.26005
"281","BH34",2016,2,1,0.1,1,0,0,0,0,0,0,0,0,1,0,0,"0","0",1,"X","0","0","X",0,0,"0",0,0,"0",0,"0",25.65203333,80.26005
"282","BH34",2016,3,2,0,2,0,0,0,0,0,0,0,0,2,2,0.1,"X","0",2,"X","X","X","0",0,0,"0",0,0,"0",0,"0",25.65203333,80.26005
"283","BH34",2017,1,2,0,2,0,0,0,0,0,0,0,0,2,2,0.5,"X","X",2,"X","X","X","X",0,0,"0",0,0,"0",0,"0",25.65203333,80.26005
"284","BH34",2017,2,3,0,3,0,0,0,0,0,0,0,0,3,3,0.5,"X","0",3,"X","X","X","X",0,0,"0",0,0,"0",0,"0",25.65203333,80.26005
"285","BH34",2017,3,2,0,2,0,0,0,0,0,0,0,0,2,2,0.5,"X","0",2,"X","0","X","X",0,0,"0",0,0,"0",0,"0",25.65203333,80.26005
"286","BH34",2018,1,1,0,1,0,0,0,0,0,0,0,0,1,1,0.5,"X","0",0.5,"X","X","0","X",0,0,"0",0,0,"0",0,"0",25.65203333,80.26005
"287","BH34",2018,2,0.5,0.5,0,0,0,0,0,0,0,0,0,0,0,0,"0","0",0,"0","0","0","0",0,0,"0",0,0,"0",0.1,"0",25.65203333,80.26005
"288","BH34",2018,3,2,0,2,2,2,0,1,0,0,0,0,1,1,0,"0","0",1,"X","X","0","X",0,0,"0",0,0,"0",0,"0",25.65203333,80.26005
"289","BH34",2019,1,1,0,1,1,0,0,1,0,0,0,0,0.5,0.5,0.5,"X","0",0.5,"X","X","0","X",0,0,"0",0,0,"0",0,"0",25.65203333,80.26005
"290","BH34",2019,2,1,0,1,0,0,0,0,0,0,0,0,1,1,0,"0","0",1,"X","X","0","X",0,0,"0",0,0,"0",0,"0",25.65203333,80.26005
"291","BH34",2019,3,1,0,1,1,1,0,1,0,0,0,0,1,1,0.5,"X","0",1,"0","X","X","X",0,0,"0",0,0,"0",0,"0",25.65203333,80.26005
"292","BH34",2020,1,2,0.5,2,1,0,0,1,0,0,0,0,2,2,0.5,"0","X",2,"X","X","0","X",0,0,"0",0.5,0,"0",0.5,"0",25.65203333,80.26005
"293","BH34",2020,2,2,0.5,2,2,0,0,2,0,0,0,0,1,1,0.5,"X","0",1,"X","X","X","X",0,0,"0",0.5,0,"0",0,"0",25.65203333,80.26005
"294","BH34",2020,3,1,0,1,0.5,0,0,0.5,0,0,0,0,0.5,0.5,0,"0","0",0.5,"X","X","X","0",0,0,"0",0,0,"0",0,"0",25.65203333,80.26005
"295","BH34",2021,1,2,0,2,2,0,0,2,0,2,0,0,2,2,1,"0","X",2,"2","X","0","0",0,0,"0",0,0,"0",0,"0",25.65203333,80.26005
"296","BH34",2021,2,1,0.5,1,0.5,0,0,0.5,0,0,0,0,1,1,0,"0","0",1,"1","0","0","0",0,0,"0",0,0,"0",0,"0",25.65203333,80.26005
"297","BH34",2021,3,2,0,2,2,1,0,1,0,0,0,0,0.5,0.5,0.1,"X","0",0.5,"0","X","0","0",0,0,"0",0,0,"0",0,"0",25.65203333,80.26005
"298","BH34",2022,1,3,0,3,3,0,1,2,0,0,0,0,1,1,0,"0","0",1,"X","X","0","0",0,1,"0",0,0,"0",0,"0",25.65203333,80.26005
"299","BH34",2022,2,3,0,3,2,0,2,2,0,0,0,0,2,2,1,"0","0",1,"X","X","0","X",0,1,"0",0,0,"0",0,"0",25.65203333,80.26005
"300","BH34",2022,3,2,0,2,2,0,0,2,0,0,0,0,1,1,0,"0.1","0",1,"X","X","X","X",0,0,"0",0,0,"0",0.1,"0",25.65203333,80.26005
"301","BH34",2023,1,2,0,2,1,1,0,1,0,0,0,0,1,1,1,"0","0",1,"X","X","0","0",0,1,"0",0,0,"0",0,"0",25.65203333,80.26005
"302","BH34",2023,2,2,0,2,0.5,0,0,0.5,0,0,0,0,2,2,0,"0","0",2,"1","0","X","0",0,0,"0",0,0,"0",0,"0",25.65203333,80.26005
"303","BH34",2023,3,2,0,2,1,0,0,1,0,0,0,0,1,1,0,"0","0",1,"1","X","0","0",0,0,"0",0,0,"0",0,"0",25.65203333,80.26005
"304","BH35",2009,1,5,3,5,5,5,0,0,0,0,0,0,0.1,0.1,0,"0","0",0.1,"0","X","0","0",0,0,"0",0,0,"0",0,"0",25.63606667,80.17338333
"305","BH35",2009,2,5,0,5,5,5,0,0,0,0,0,0,0,0,0,"0","0",0,"0","0","0","0",0,0,"0",0,0,"0",0,"0",25.63606667,80.17338333
"306","BH35",2009,3,5,0,5,5,5,0,0,0,0,0,0,0.5,0.5,0,"0","0",0.5,"0","X","0","0",0,0,"0",0,0,"0",0,"0",25.63606667,80.17338333
"307","BH35",2010,1,5,0,5,5,5,0,0,0,0,0,0,0.5,0,0,"0","0",0.5,"0","X","0","0",0,0,"0",0,0,"0",0,"0",25.63606667,80.17338333
"308","BH35",2010,2,4,0.5,4,4,4,0,0,0,0,0,0,2,2,0,"0","0",2,"0","X","0","0",0,0,"0",0,0,"0",0,"0",25.63606667,80.17338333
"309","BH35",2010,3,4,0.5,4,3,3,0,0,0,0,0,0,2,2,0,"0","0",2,"X","X","0","0",0,0,"0",0,0,"0",0,"0",25.63606667,80.17338333
"310","BH35",2011,1,5,2,5,5,5,0,0,0,0,0,0,1,1,0,"0","0",1,"0","X","0","0",0,0,"0",0,0,"0",0,"0",25.63606667,80.17338333
"311","BH35",2011,2,5,1,5,5,5,0,0,0,0,0,0,2,2,0,"0","0",2,"X","X","X","0",0,0,"0",0,0,"0",0.1,"0",25.63606667,80.17338333
"312","BH35",2011,3,4,0.5,4,3,3,0,0,0,0,0,0,2,2,0,"0","0",2,"0","X","0","0",0,0,"0",0,0,"0",0,"0",25.63606667,80.17338333
"313","BH35",2012,1,5,0,5,5,5,0,0,0,0,0,0,2,2,1,"X","0",2,"0","X","0","0",0,0,"0",0,0,"0",0,"0",25.63606667,80.17338333
"314","BH35",2012,2,5,0,5,5,5,0,0,0,0,0,0,1,1,0,"0","0",1,"0","X","0","0",0,0,"0",0,0,"0",0,"0",25.63606667,80.17338333
"315","BH35",2012,3,5,0,5,5,5,0,0,0,0,0,0,1,1,0,"0","0",1,"X","X","0","0",0,0,"0",0,0,"0",0,"0",25.63606667,80.17338333
"316","BH35",2013,1,5,0,5,5,5,0,0,0,0,0,0,2,2,0,"0","0",2,"X","X","0","0",0,0,"0",0,0,"0",0,"0",25.63606667,80.17338333
"317","BH35",2013,2,5,0,5,5,5,0,0,0,0,0,0,0,0,0,"0","0",0,"0","0","0","0",0,0,"0",0,0,"0",0,"0",25.63606667,80.17338333
"318","BH35",2013,3,5,0.5,5,5,5,0,0,0,0,0,0,0.5,0.5,0,"0","0",0.5,"X","X","0","0",0,0,"0",0,0,"0",0,"0",25.63606667,80.17338333
"319","BH35",2014,1,5,0,5,5,5,1,0,0,0,0,0,2,2,0,"0","0",2,"X","X","0","0",0,0,"0",0,0,"0",0,"0",25.63606667,80.17338333
"320","BH35",2014,2,5,0,5,5,5,0.5,0,0,0,0,0,1,0,0,"0","0",1,"X","X","0","0",0,0,"0",0,0,"0",0,"0",25.63606667,80.17338333
"321","BH35",2014,3,5,2,5,5,4,2,0,0,0,0,0,2,2,0,"0","0",2,"X","X","0","0",0,0,"0",0,0,"0",0,"0",25.63606667,80.17338333
"322","BH35",2017,1,5,0,5,5,5,0,0,0,0,0,0,0,0,0,"0","0",0,"0","0","0","0",0,0,"0",0,0,"0",0.1,"0",25.63606667,80.17338333
"323","BH35",2017,2,5,0,5,5,5,0,0,0,0,0,0,0.5,0.5,0,"0","0",0.5,"0","X","0","0",0,0,"0",0,0,"0",0,"0",25.63606667,80.17338333
"324","BH35",2017,3,5,0,5,5,5,0,0,0,0,0,0,0,0,0,"0","0",0,"0","0","0","0",0,0,"0",0,0,"0",0,"0",25.63606667,80.17338333
"325","BH35",2018,1,5,0,5,5,5,0,0,0,0,0,0,1,1,0,"0","0",1,"X","X","0","0",0,0,"0",0,0,"0",0.5,"0",25.63606667,80.17338333
"326","BH35",2018,2,4,0,4,4,4,0,0,0,0,0,0,2,2,0,"0","0",2,"X","X","X","0",0,0,"0",0,0,"0",0,"0",25.63606667,80.17338333
"327","BH35",2018,3,5,0,5,5,5,0,0,0,0,0,0,1,1,0,"0","0",1,"X","X","X","0",0,0,"0",0,0,"0",0,"0",25.63606667,80.17338333
"328","BH35",2019,1,5,0,5,5,5,0,0,0,0,0,0,0,0,0,"0","0",0,"0","0","0","0",0,0,"0",0,0,"0",0,"0",25.63606667,80.17338333
"329","BH35",2019,2,5,0,5,5,5,0,0,0,0,0,0,2,2,0,"0","0",2,"X","0","0","0",0,0,"0",0,0,"0",0,"0",25.63606667,80.17338333
"330","BH35",2019,3,5,0,5,5,5,0,0,0,0,0,0,2,2,0,"0","0",2,"X","0","0","0",0,0,"0",0,0,"0",0,"0",25.63606667,80.17338333
"331","BH35",2020,1,5,0,5,5,5,0,0,0,0,0,0,0.5,0.5,0,"0","0",0.5,"X","X","0","0",0,0,"0",0,0,"0",0,"0",25.63606667,80.17338333
"332","BH35",2020,2,5,0.5,5,5,5,0,0,0,0,0,0,1,1,0,"0","0",1,"X","X","0","0",0,0,"0",0,0,"0",0,"0",25.63606667,80.17338333
"333","BH35",2020,3,5,0,5,5,5,0,0,0,0,0,0,0,0,0,"0","0",0,"0","0","0","0",0,0,"0",0,0,"0",0,"0",25.63606667,80.17338333
"334","BH35",2021,1,5,0,5,5,5,0,0,0,0,0,0,1,1,1,"0","X",1,"0.5","X","0","0",0,0,"0",0,0,"0",0.5,"0",25.63606667,80.17338333
"335","BH35",2021,2,5,0.5,5,5,5,0,0,0,0,0,0,1,1,1,"0","X",1,"1","X","0","0",0,0,"0",0,0,"0",2,"0",25.63606667,80.17338333
"336","BH35",2021,3,5,0,5,5,5,0,0,0,0,0,0,0.5,0.5,0,"0","0",0.5,"0","X","0","0",0,0,"0",0,0,"0",0,"0",25.63606667,80.17338333
"337","BH35",2022,1,5,0,5,5,5,0,0,0,0,0,0,0.5,0.5,0,"0","0",0.5,"X","0","0","0",0,0,"0",0,0,"0",0,"0",25.63606667,80.17338333
"338","BH35",2022,2,5,1,5,5,5,0,0,0,0,0,0,1,1,0,"0","0",1,"X","X","0","0",0,0,"0",0,0,"0",0,"0",25.63606667,80.17338333
"339","BH35",2022,3,5,0,5,5,5,0,0,0,0,0,0,1,1,0,"0","0",1,"X","X","0","0",0,0,"0",0,0,"0",0.5,"0",25.63606667,80.17338333
"340","BH35",2023,1,5,1,5,5,5,0,0,0,0,0,0,1,1,0,"0","0",1,"0.5","X","0","0",0,0,"0",0,0,"0",0,"0",25.63606667,80.17338333
"341","BH35",2023,2,5,1,5,5,5,0,0,0,0,0,0,1,1,0,"0","0",1,"0","X","0","0",0,0,"0",0,0,"0",0,"0",25.63606667,80.17338333
"342","BH35",2023,3,5,1,5,5,5,0,0,0,0,0,0,0.5,0.5,0,"0","0",0.5,"0","X","0","0",0,0,"0",0,0,"0",0,"0",25.63606667,80.17338333
"343","BH36",2009,1,2,0.5,2,2,2,0,0,0,0,0,0,1,1,0.5,"X","0",1,"X","0","0","0",0,0,"0",0,0,"0",0,"0",25.59996667,80.23626667
"344","BH36",2009,2,3,1,3,2,2,0,0,0,0,0,0,2,2,0,"0","0",2,"X","0","X","0",0,0,"0",0,0,"0",1,"0",25.59996667,80.23626667
"345","BH36",2009,3,3,1,3,2,2,0,0,0,0,0,0,2,2,1,"X","0",2,"X","X","X","0",0,0,"0",0,0,"0",1,"1",25.59996667,80.23626667
"346","BH36",2010,1,1,0,1,0.5,0.5,0,0,0,0,0,0,0.5,0.5,0.5,"X","0",0.5,"0","X","0","0",0,0,"0",0,0,"0",0,"0",25.59996667,80.23626667
"347","BH36",2010,2,2,0,2,2,2,0,0,0,0,0,0,0.5,0.5,0.5,"X","0",0.5,"X","0","0","X",0,0,"0",0,0,"0",0,"0",25.59996667,80.23626667
"348","BH36",2010,3,3,0,3,3,3,0,0,0,0,0,0,1,1,0.5,"X","0",1,"X","X","X","X",0,0,"0",0,0,"0",0,"0",25.59996667,80.23626667
"349","BH36",2011,1,3,0,1,3,3,1,0,0,0,0,0,2,2,0,"0","0",2,"X","X","X","0",0,0,"0",0,0,"0",0.1,"0",25.59996667,80.23626667
"350","BH36",2011,2,2,0,2,2,2,0,0,0,0,0,0,2,2,1,"0","0",2,"0","X","0","0",0,0,"0",0,0,"0",0.1,"0",25.59996667,80.23626667
"351","BH36",2011,3,2,1,1,1,1,0,0,0,0,0,0,1,1,0.5,"X","0",1,"X","X","0","0",0,0,"0",0,0,"0",0.1,"0",25.59996667,80.23626667
"352","BH36",2012,1,3,1,3,2,2,0,0,0,0,0,0,2,2,2,"X","0",2,"X","0","0","0",0,0,"0",0,0,"0",1,"0",25.59996667,80.23626667
"353","BH36",2012,2,3,0,3,3,3,0,0,0,0,0,0,2,2,0.5,"X","0",2,"X","X","0","0",0,0,"0",0,0,"0",0,"0",25.59996667,80.23626667
"354","BH36",2012,3,3,1,2,2,2,0,0,0,0,0,0,1,1,0.5,"X","0",1,"X","X","0","0",0,0,"0",0,0,"0",0,"0",25.59996667,80.23626667
"355","BH36",2013,1,4,0,4,3,3,0,0,0,0,0,0,2,2,0.5,"X","0",2,"0","X","X","0",0,0,"0",0.5,0,"0",0.5,"0",25.59996667,80.23626667
"356","BH36",2013,2,3,1,3,3,3,0,0,0,0,0,0,0.5,0.5,0,"0","0",0.5,"0","X","0","0",0,0,"0",0,0,"0",0.1,"0.1",25.59996667,80.23626667
"357","BH36",2013,3,3,0,3,2,2,0,0,0,0,0,0,1,1,0,"0","0",1,"0","X","X","0",0,0,"0",0,0,"0",0.1,"0.5",25.59996667,80.23626667
"358","BH36",2014,1,3,0,3,2,2,0,0,0,0,0,0,1,1,0.5,"X","0",1,"0","X","0","0",0,0,"0",0,0,"0",0,"0",25.59996667,80.23626667
"359","BH36",2014,2,4,0,4,3,3,0,0,0,0,0,0,2,2,0.5,"X","0",2,"0","X","0","0",0,0,"0",0,0,"0",0.1,"0",25.59996667,80.23626667
"360","BH36",2014,3,4,0,4,4,4,0,0,0,0,0,0,2,2,2,"X","X",2,"X","X","X","0",0,0,"0",0,0,"0",0.1,"0.1",25.59996667,80.23626667
"361","BH36",2017,1,1,0,1,1,1,0,0,0,0,0,0,0.5,0.5,0.5,"X","0",0,"0","0","0","0",0,0,"0",0,0,"0",0.5,"0",25.59996667,80.23626667
"362","BH36",2017,2,2,0,2,2,2,0,0,0,0,0,0,0.5,0.5,0.5,"X","0",0.5,"0","X","0","X",0,0,"0",0,0,"0",0.1,"0",25.59996667,80.23626667
"363","BH36",2017,3,2,0.5,2,2,2,0,0,0,0,0,0,1,1,1,"X","0",0,"0","0","0","0",0,0,"0",0,0,"0",0.1,"0.1",25.59996667,80.23626667
"364","BH36",2018,1,3,0,3,3,3,0,0,0,0,0,0,0.5,0.5,0.5,"X","0",0,"0","0","0","0",0,0,"0",0,0,"0",0,"0.1",25.59996667,80.23626667
"365","BH36",2018,2,4,0,4,4,4,0,0,0,0,0,0,1,1,1,"X","0",1,"0","X","0","X",0,0,"0",0,0,"0",0,"0",25.59996667,80.23626667
"366","BH36",2018,3,3,0,3,3,3,0,0,0,0,0,0,1,1,1,"X","0",1,"0","X","X","0",0,0,"0",0,0,"0",0,"0",25.59996667,80.23626667
"367","BH36",2019,1,0,0,0,0,0,0,0,0,0,0,0,0,0,0,"0","0",0,"0","0","0","0",0,0,"0",0,0,"0",0,"0.5",25.59996667,80.23626667
"368","BH36",2019,2,1,0,1,1,1,0,0,0,0,0,0,1,1,0.5,"X","0",1,"X","0","X","X",0,0,"0",0,0,"0",0,"0",25.59996667,80.23626667
"369","BH36",2019,3,3,0,3,3,3,0,0,0,0,0,0,0.5,0.5,0.5,"X","0",0.5,"X","X","0","X",0,0,"0",0,0,"0",1,"1",25.59996667,80.23626667
"370","BH36",2020,1,2,0.5,2,1,1,0,0,0,0,0,0,1,1,0,"0","0",1,"0","X","X","0",0,0,"0",0,0,"0",1,"1",25.59996667,80.23626667
"371","BH36",2020,2,2,0,2,2,2,0,0,0,0,0,0,0.5,0.5,0,"0","0",0.5,"0","X","X","0",0,0,"0",0,0,"0",0.1,"0.5",25.59996667,80.23626667
"372","BH36",2020,3,2,0,2,2,2,0,0,0,0,0,0,0.5,0.5,0,"0","0",0.5,"0","X","0","X",0,0,"0",0,0,"0",0.5,"0.5",25.59996667,80.23626667
"373","BH36",2021,1,4,0,4,3,3,0,2,0,0,0,0,2,2,0,"0","0",2,"0","X","X","0",0,0,"0",0,0,"0",1,"0",25.59996667,80.23626667
"374","BH36",2021,2,3,0,3,3,3,0,0,0,0,0,0,2,2,0.5,"0","X",2,"0.5","X","X","0",0,0,"0",0,0,"0",2,"0",25.59996667,80.23626667
"375","BH36",2021,3,3,0.5,3,2,2,0,0,0,0,0,0,2,2,1,"X","0",2,"1","X","X","0",0,0,"0",0,0,"0",0.5,"0.5",25.59996667,80.23626667
"376","BH36",2022,1,2,0,2,2,2,1,0,0,0,0,0,1,1,0.5,"X","0",1,"0","X","0","0",0,0,"0",0,0,"0",0.1,"0",25.59996667,80.23626667
"377","BH36",2022,2,2,2,2,1,1,0,0,0,0,0,0,1,1,0.5,"X","0",1,"0","X","0","0",0,0,"0",0,0,"0",0,"0",25.59996667,80.23626667
"378","BH36",2022,3,3,0,3,3,3,0,0,0,0,0,0,2,2,1,"X","X",2,"0","X","X","0",0,0,"0",0,0,"0",1,"0.1",25.59996667,80.23626667
"379","BH36",2023,1,2,0,2,2,2,0,0,0,0,0,0,1,1,0.5,"X","0",1,"X","0","X","0",0,0,"0",0,0,"0",0,"0",25.59996667,80.23626667
"380","BH36",2023,2,2,0,2,2,2,0,0,0,0,0,0,2,2,1,"X","0",2,"0","X","0","0",0,0,"0",0,0,"0",0.5,"0",25.59996667,80.23626667
"381","BH36",2023,3,2,1,2,2,2,0,0,0,0,0,0,1,1,0.5,"X","0",1,"0","X","0","0",0,0,"0",0,0,"0",0.5,"0",25.59996667,80.23626667
"382","BH37",2009,1,5,0.5,5,5,5,0,0,0,0,0,0,1,1,0,"0","0",1,"X","X","0","0",0,0,"0",0,0,"0",0.5,"0",25.56876667,80.19453333
"383","BH37",2009,2,5,0.5,5,5,5,0,0,0,0,0,0,0.5,0.5,0,"0","0",0.5,"X","X","0","0",0,0,"X",0,0,"0",0.1,"0.1",25.56876667,80.19453333
"384","BH37",2009,3,4,2,4,4,4,0,0,0,0,0,0,1,1,0,"0","0",1,"X","0","0","0",0,0,"0",0,0,"0",1,"0",25.56876667,80.19453333
"385","BH37",2010,1,4,0.5,4,4,4,0,0,0,0,0,0,0,0,0,"0","0",0,"0","0","0","0",0,0,"0",0,0,"0",0,"0",25.56876667,80.19453333
"386","BH37",2010,2,4,4,4,4,0,0,0,0,0,0,0,0,0,0,"0","0",2,"X","X","X","X",0,0,"0",0,0,"0",0,"0",25.56876667,80.19453333
"387","BH37",2010,3,5,2,5,5,5,0,0,0,0,0,0,2,0,0,"0","0",0,"0","0","0","0",0,0,"0",2,0,"0",0,"0",25.56876667,80.19453333
"388","BH37",2011,1,4,0,4,4,4,0,0,0,0,0,0,0.5,0.5,0,"0","0",0.5,"X","X","0","X",0,0,"0",0,0,"0",0,"0",25.56876667,80.19453333
"389","BH37",2011,2,4,0,4,4,4,0,0,0,0,0,0,1,1,0,"0","0",1,"X","0","0","0",0,0,"0",0,0,"0",0,"0",25.56876667,80.19453333
"390","BH37",2011,3,3,0,3,3,3,0,0,0,0,0,0,2,2,0,"0","0",2,"X","X","0","0",0,0,"0",0,0,"0",0,"0",25.56876667,80.19453333
"391","BH37",2012,1,5,0,5,5,5,0,0,0,0,0,0,2,2,0,"0","0",2,"X","X","0","0",0,0,"0",0,0,"0",0,"0",25.56876667,80.19453333
"392","BH37",2012,2,4,0,4,3,3,0,0,0,0,0,0,2,2,0,"0","0",2,"X","X","0","0",0,0,"0",0,0,"0",0,"0",25.56876667,80.19453333
"393","BH37",2012,3,5,0,5,5,5,0,0,0,0,0,0,2,2,0,"0","0",2,"X","X","0","0",0,0,"0",0,0,"0",0.1,"0",25.56876667,80.19453333
"394","BH37",2013,1,5,0,5,5,5,0,0,0,0,0,0,1,1,0,"0","0",1,"X","X","0","0",0,0,"0",0,0,"0",0.1,"0",25.56876667,80.19453333
"395","BH37",2013,2,5,2,5,5,5,0,0,0,0,0,0,2,2,0,"0","0",2,"X","0","0","0",0,0,"0",0,0,"0",0,"0",25.56876667,80.19453333
"396","BH37",2013,3,5,2,5,5,5,0,0,0,0,0,0,2,2,0,"0","0",2,"X","X","0","0",0,0,"0",0,0,"0",0,"0",25.56876667,80.19453333
"397","BH37",2014,1,3,0,3,3,3,0,0,0,0,0,0,2,2,0,"0","0",2,"X","X","X","0",0,0,"0",0,0,"0",0,"0",25.56876667,80.19453333
"398","BH37",2014,2,3,0,3,3,3,0,0,0,0,0,0,1,1,0,"0","0",1,"X","X","0","0",0,0,"0",0,0,"0",0.1,"0",25.56876667,80.19453333
"399","BH37",2014,3,5,0,5,5,5,0,0,0,0,0,0,2,2,0,"0","0",2,"X","X","0","0",0,0,"0",0,0,"0",0,"0",25.56876667,80.19453333
"400","BH37",2017,1,5,0,5,5,5,0,0,0,0,0,0,0,0,0,"0","0",0,"0","0","0","0",0,0,"0",0,0,"0",0,"0",25.56876667,80.19453333
"401","BH37",2017,2,5,0,5,5,5,0,0,0,0,0,0,0.5,0.5,0,"0","0",0.5,"0","X","0","0",0,0,"0",0,0,"0",0,"0",25.56876667,80.19453333
"402","BH37",2017,3,5,0,5,5,5,0,0,0,0,0,0,0.1,0.1,0,"0","0",0.1,"X","0","0","0",0,0,"0",0,0,"0",0,"0",25.56876667,80.19453333
"403","BH37",2018,1,5,0,5,5,5,0,0,0,0,0,0,0,0,0,"0","0",0,"0","0","0","0",0,0,"0",0,0,"0",0,"0",25.56876667,80.19453333
"404","BH37",2018,2,5,0,5,5,5,0,0,0,0,0,0,1,1,0,"0","0",1,"X","0","X","0",0,0,"0",0,0,"0",0,"0",25.56876667,80.19453333
"405","BH37",2018,3,5,0,5,5,5,0,0,0,0,0,0,1,1,0,"0","0",1,"X","X","0","0",0,0,"0",0,0,"0",0,"0",25.56876667,80.19453333
"406","BH37",2019,1,5,0,5,5,5,0,0,0,0,0,0,1,1,0,"0","0",1,"X","X","0","0",0,0,"0",0,0,"0",1,"0",25.56876667,80.19453333
"407","BH37",2019,2,5,0,5,5,5,0,0,0,0,0,0,1,1,0,"0","0",1,"X","X","0","0",0,0,"0",0,0,"0",0,"0",25.56876667,80.19453333
"408","BH37",2019,3,4,0,4,4,4,0,0,0,0,0,0,2,2,0,"0","0",2,"X","X","0","0",0,0,"0",0,0,"0",0.5,"0",25.56876667,80.19453333
"409","BH37",2020,1,4,0,4,4,4,0,0,0,0,0,0,1,1,0.5,"0","X",1,"X","X","X","0",0,0,"0",0,0,"0",1,"0",25.56876667,80.19453333
"410","BH37",2020,2,4,1,4,4,4,0,0,0,0,0,0,1,1,0,"0","0",1,"X","X","0","0",0,0,"0",0,0,"0",0.5,"0",25.56876667,80.19453333
"411","BH37",2020,3,5,0,5,5,5,0,0,0,0,0,0,0.5,0.5,0,"0","0",0.5,"X","X","0","0",0,0,"0",0,0,"0",0.1,"0",25.56876667,80.19453333
"412","BH37",2021,1,5,0,5,5,5,0,0,0,0,0,0,1,1,0,"0","0",1,"1","0","0","0",0,0,"0",0,0,"0",0.5,"0",25.56876667,80.19453333
"413","BH37",2021,2,4,0,4,4,4,0,0,0,0,0,0,1,1,0,"0","0",1,"1","0","0","0",0,0,"0",0,0,"0",1,"0",25.56876667,80.19453333
"414","BH37",2021,3,5,0.5,5,5,5,0,0,0,0,0,0,2,2,0,"0","0",2,"2","0","0","0",0,0,"0",0,0,"0",2,"0",25.56876667,80.19453333
"415","BH37",2022,1,5,0,5,5,5,0,0,0,0,0,0,0,0,0,"0","0",0,"0","0","0","0",0,0,"0",0,0,"0",0.1,"0",25.56876667,80.19453333
"416","BH37",2022,2,5,0,5,5,5,0,0,0,0,0,0,0.5,0.5,0,"0","0",0.5,"X","0","0","0",0,0,"0",0,0,"0",0,"0",25.56876667,80.19453333
"417","BH37",2022,3,5,0,5,5,5,0,0,0,0,0,0,0.5,0.5,0,"0","0",0.5,"X","0","0","0",0,0,"0",0,0,"0",0.5,"0",25.56876667,80.19453333
"418","BH37",2023,1,5,0,5,5,5,0,0,0,0,0,0,1,1,0.5,"0","X",0.5,"X","X","0","0",0,0,"0",0,0,"0",0.5,"0",25.56876667,80.19453333
"419","BH37",2023,2,5,0,5,5,5,0,0,0,0,0,0,2,2,0,"0","0",2,"X","X","0","0",0,0,"0",0,0,"0",0,"0",25.56876667,80.19453333
"420","BH37",2023,3,5,0,5,5,5,0,0,0,0,0,0,2,2,0,"0","0",2,"2","0","0","0",0,0,"0",0,0,"0",0,"0",25.56876667,80.19453333
"421","BH39",2009,1,5,2,5,5,5,0.5,0.5,0,0,0,0,2,2,2,"X","0",1,"X","X","0","X",0,0,"0",0,0,"0",0,"0",25.53103333,80.30475
"422","BH39",2009,2,5,1,5,4,4,0,0.5,0,0,0,0,3,3,2,"X","0",1,"X","X","0","X",0,0,"0",0,0,"0",0,"0",25.53103333,80.30475
"423","BH39",2009,3,5,0.5,5,5,4,1,1,0,0,0,0,2,2,2,"X","0",1,"X","X","0","X",0,0,"0",0,0,"0",0,"0",25.53103333,80.30475
"424","BH39",2010,1,4,0,4,4,4,0,1,0,0,0,0,0.5,0.5,0.5,"X","0",0.5,"X","X","0","0",0,0,"0",0,0,"0",0,"0",25.53103333,80.30475
"425","BH39",2010,2,4,0,4,4,4,0,0,0,0,0,0,2,2,2,"X","0",2,"X","X","0","0",0,1,"0",2,0,"0",0,"0",25.53103333,80.30475
"426","BH39",2010,3,4,0,4,4,4,0,1,0,0,0,0,2,2,0,"0","0",2,"X","X","0","0",0,0,"0",1,0,"0",0,"0",25.53103333,80.30475
"427","BH39",2011,1,4,0.5,4,4,4,0,0,0,0,0,0,0.5,0.5,0,"0","0",0.5,"0","X","0","0",0,0,"0",0,0,"0",0,"0",25.53103333,80.30475
"428","BH39",2011,2,4,0,4,4,4,0,0,0,0,0,0,2,2,0,"0","0",2,"0","X","0","0",0,0,"0",0,0,"0",0,"0",25.53103333,80.30475
"429","BH39",2011,3,4,0,4,4,4,0,0,0,0,0,0,2,2,0,"0","0",2,"X","X","0","0",0,0,"0",0,0,"0",0,"0",25.53103333,80.30475
"430","BH39",2012,1,4,0,4,3,3,0,0,0,0,0,0,2,2,2,"X","0",1,"X","X","0","X",0,0,"0",0,0,"0",0,"0",25.53103333,80.30475
"431","BH39",2012,2,5,0,5,5,5,0,0,0,0,0,0,2,2,0,"0","0",2,"0","X","0","0",0,0,"0",0,0,"0",0,"0",25.53103333,80.30475
"432","BH39",2012,3,4,3,3,3,2,0,1,0,0,0,0,2,2,2,"X","0",0.5,"0","X","0","X",0,0,"0",0,0,"0",0,"0",25.53103333,80.30475
"433","BH39",2013,1,5,3,5,4,4,0,0,0,0,0,0,3,3,3,"X","0",2,"0","X","0","0",0,0,"0",0,0,"0",0,"0",25.53103333,80.30475
"434","BH39",2013,2,5,3,5,3,3,0,0,0,0,0,0,4,4,4,"X","0",2,"0","X","X","0",0,0,"0",0,0,"0",0,"0",25.53103333,80.30475
"435","BH39",2013,3,5,0,5,4,4,0,0,0,0,0,0,3,3,3,"X","X",1,"X","X","X","0",0,0,"0",0,0,"0",0,"0",25.53103333,80.30475
"436","BH39",2014,1,4,0,4,4,4,0,0,0,0,0,0,0.5,0.5,0.5,"X","0",0,"0","0","0","0",0,0,"0",0,0,"0",0,"0",25.53103333,80.30475
"437","BH39",2014,2,3,0,3,3,3,0,0,0,0,0,0,2,2,2,"X","0",0.5,"0","0","0","X",0,0,"0",0,0,"0",0,"0",25.53103333,80.30475
"438","BH39",2014,3,5,3,4,3,2,0,1,0,0,0,0,3,3,3,"X","0",1,"X","X","0","0",0,0,"0",0,0,"0",0,"0",25.53103333,80.30475
"439","BH39",2016,1,5,0,5,5,5,0,0,0,0,0,0,2,2,0,"0","0",2,"X","X","0","0",0,0,"0",0,0,"0",0,"0",25.53103333,80.30475
"440","BH39",2016,2,5,2,4,4,4,0,0,0,0,0,0,2,2,1,"X","0",2,"X","X","0","0",0,0,"0",0,0,"0",0,"0",25.53103333,80.30475
"441","BH39",2016,3,4,2,3,3,3,0,0,0,0,0,0,2,2,2,"X","0",1,"X","X","0","X",0,0,"0",0,0,"0",0,"0",25.53103333,80.30475
"442","BH39",2017,1,4,0,4,4,4,0,0,0,0,0,0,0.5,0.5,0.5,"X","0",0.5,"X","X","0","X",0,0,"0",0,0,"0",0,"0",25.53103333,80.30475
"443","BH39",2017,2,5,0,5,5,5,0,0,0,0,0,0,1,1,1,"X","0",0.1,"0","0","0","X",0,0,"0",0,0,"0",0,"0",25.53103333,80.30475
"444","BH39",2017,3,4,0,4,4,4,0,0,0,0,0,0,1,1,1,"X","0",0.1,"X","0","0","0",0,0,"0",0,0,"0",0,"0",25.53103333,80.30475
"445","BH39",2018,1,5,0,5,5,5,0,0,0,0,0,0,1,1,1,"X","0",1,"0","X","0","0",0,0,"0",0,0,"0",0,"0",25.53103333,80.30475
"446","BH39",2018,2,5,0,5,0,0,0,0,0,0,0,0,1,1,0,"0","0",1,"0","X","0","X",0,0,"0",0,0,"0",0,"0",25.53103333,80.30475
"447","BH39",2018,3,5,0,5,5,5,0,0,0,0,0,0,0.5,0.5,0.5,"X","0",0,"0","0","0","0",0,0,"0",0,0,"0",0,"0",25.53103333,80.30475
"448","BH39",2019,1,3,0,3,2,2,0,0,0,0,0,0,2,2,2,"X","0",1,"X","X","0","0",0,0,"0",1,0,"0",0.5,"0",25.53103333,80.30475
"449","BH39",2019,2,5,1,5,5,5,0,0,0,0,0,0,1,1,0,"0","0",1,"X","X","0","0",0,0,"0",0,0,"0",0,"0",25.53103333,80.30475
"450","BH39",2019,3,4,0,4,3,3,0,0,0,0,0,0,2,2,2,"X","X",1,"X","X","0","0",0,0,"0",0,0,"0",0.5,"0",25.53103333,80.30475
"451","BH39",2020,1,3,2,2,2,0,0,0,0,0,0,0,1,1,1,"X","0",1,"X","X","0","0",0,0,"0",0,0.5,"X",1,"0",25.53103333,80.30475
"452","BH39",2020,2,3,1,3,3,3,0,0,0,0,0,0,1,1,0.5,"X","0",0.5,"X","X","0","X",0,0,"0",0,0,"0",1,"0",25.53103333,80.30475
"453","BH39",2020,3,3,2,3,3,3,0,0,0,0,0,0,1,1,1,"X","",1,"X","0","0","0",0,0,"0",0,0.5,"X",0.5,"0",25.53103333,80.30475
"454","BH39",2021,1,3,1,3,2,2,0,0,0,0,0,0,2,2,1,"X","0",2,"2","X","0","X",0,0,"0",0,0,"0",0,"0",25.53103333,80.30475
"455","BH39",2021,2,4,0.5,4,4,4,0,0,0,0,0,0,2,2,1,"X","0",2,"1","X","0","0",0,0,"0",0,0,"0",0,"0",25.53103333,80.30475
"456","BH39",2021,3,3,0,3,3,3,0,0,0,0,0,0,2,2,0.5,"X","0",1,"0.5","0","0","X",0,0.5,"0",0,0,"0",0,"0",25.53103333,80.30475
"457","BH39",2022,1,3,1,3,3,3,0,0,0,0,0,0,1,1,0,"0","0",1,"X","X","0","0",0,0,"0",0,0,"0",0,"0",25.53103333,80.30475
"458","BH39",2022,2,4,1,4,4,4,0,0,0,0,0,0,0.5,0.5,0,"0","0",0.5,"X","0","0","0",0,0,"0",0,0,"0",0,"0",25.53103333,80.30475
"459","BH39",2022,3,4,0.5,4,4,4,0,0,0,0,0,0,1,1,1,"X","0",1,"X","0","0","0",0,0,"0",0,0,"0",0,"0",25.53103333,80.30475
"460","BH39",2023,1,4,0,4,3,3,0,0,0,0,0,0,2,2,2,"X","0",1,"0.1","X","0","0",0,0,"0",0,0,"0",0,"0",25.53103333,80.30475
"461","BH39",2023,2,2,1,2,2,2,0,1,0,0,0,0,2,2,2,"X","0",1,"0.5","X","X","0",0,0,"0",0,1,"X",0,"0",25.53103333,80.30475
"462","BH39",2023,3,2,0,2,2,2,0,0,0,0,0,0,2,2,1,"X","0",1,"0.5","X","0","X",0,0,"0",0,0,"0",0,"0",25.53103333,80.30475
