Observer,Date,Year,Station,GRID ,TOT,TDR,T_DR,TSG,Tt,Sf,Hw,Rm,HE,HD,HJ,TMA,TGA,TGO,BAT,CA,TCAL,HAL,PEN,UDO,ACE,AL,AS,RHI,TRO,TBR,SAR,SP,HC,Comments
SLK/KW,20090609,2009,BH06,1,2,0,2,2,2,0,0,0,0,0,0,0,0,0,0,0,0,0,0,0,0,0,0,0,0,0,0,0,0,n
SLK/KW,20090609,2009,BH06,2,5,0,5,5,0,5,0,0,0,0,0,0,0,0,0,0,0,0,0,0,0,0,0,0,0,0,0,0,0,n
SLK/KW,20090609,2009,BH06,3,0,0,0,0,0,0,0,0,0,0,0,0,0,0,0,0,0,0,0,0,0,0,0,0,0,0,0,0,0,n
SLK/KW,20090609,2009,BH10,1,0,0,0,0,0,0,0,0,0,0,0,0,0,0,0,0,0,0,0,0,0,0,0,0,0,0,0,0,0,n
SLK/KW,20090609,2009,BH10,2,3,3,2,2,0,0,2,0,0,0,0,1,1,0,0,0,1,X,0,0,0,0,0,0,0,0,0,0.1,0,"Anemones, sponges and GA growing on line along transect"
SLK/KW,20090609,2009,BH10,3,5,2,5,5,0,5,0,0,0,0,0,0,0,0,0,0,0,0,0,0,0,0,0,0,0,0,0,0,0,Sea urchin and worm present in grid
SLK/SA,20090625,2009,BH14,1,5,3,4,3,0,3,0,0,0,0,0,0.5,0.5,0,0,0,0.5,0,0,0,X,0,0,0,0,0,0,0.1,0,Anemones 
SLK/SA,20090625,2009,BH14,2,4,1,4,4,0,4,0,0,0,0,0,1,1,0,0,0,1,0,0,0,X,0,0,0,0,0,0,0,0,n
SLK/SA,20090625,2009,BH14,3,4,3,4,4,0,4,0,0,0,0,0,0.5,0.5,0,0,0,0.5,0,0,0,X,0,0,0,0,0,0,0,0,"Valonia green algae also present, included in TCAL"
SLK/SA,20090625,2009,BH22,1,5,2,5,5,2,5,0,0,0,0,0,1,1,0,0,0,1,0,0,0,X,0,0,0,0,0,0,0,0,n
SLK/SA,20090625,2009,BH22,2,5,3,5,5,2,4,1,0,0,0,0,1,1,0,0,0,1,X,0,0,X,0,0,0,0,0,0,0,0,n
SLK/SA,20090625,2009,BH22,3,5,3,4,4,2,3,1,0,0,0,0,0.5,0.5,0,0,0,0.5,0,0,0,X,0,0,0,0,0,0,0,0,Anemones 
SLK/KW,20090611,2009,BH29,1,1,1,0.5,0.5,0.5,0,0,0,0,0,0,0,0,0,0,0,0,0,0,0,0,0,0,0,0,0,0,0,0,n
SLK/KW,20090611,2009,BH29,2,5,1,5,5,4,2,0,0,0,0,0,0.5,0.5,0,0,0,0.5,0,X,0,0,0,0,0,0,0,0,0,0,n
SLK/KW,20090611,2009,BH29,3,4,0.5,4,4,4,0.5,0.5,0,0,0,0,0.5,0.5,0,0,0,0.5,X,0,0,0,0,0,0,0,0,0,0,0,n
CA/SA,20090610,2009,BH31,1,3,3,3,3,3,0,0,0,0,0,0,2,2,0,0,0,2,X,X,0,0,0,0,0,0,0,0,0.5,0,n
CA/SA,20090610,2009,BH31,2,5,0.5,5,5,5,0,0,0,0,0,0,2,2,0,0,0,2,X,X,0,0,0,0,0,0,0,0,0.1,0,n
CA/SA,20090610,2009,BH31,3,5,0.5,5,5,5,0,0,0,0,0,0,1,1,0,0,0,1,X,X,0,0,0,0,0,0,0,0,0.5,0,n
CA/SA,20090610,2009,BH35,1,5,3,5,5,5,0,0,0,0,0,0,0.1,0.1,0,0,0,0.1,0,X,0,0,0,0,0,0,0,0,0,0,n
CA/SA,20090610,2009,BH35,2,5,0,5,5,5,0,0,0,0,0,0,0,0,0,0,0,0,0,0,0,0,0,0,0,0,0,0,0,0,n
CA/SA,20090610,2009,BH35,3,5,0,5,5,5,0,0,0,0,0,0,0.5,0.5,0,0,0,0.5,0,X,0,0,0,0,0,0,0,0,0,0,n
CA/SA,20090610,2009,BH37,1,5,0.5,5,5,5,0,0,0,0,0,0,1,1,0,0,0,1,X,X,0,0,0,0,0,0,0,0,0.5,0,n
CA/SA,20090610,2009,BH37,2,5,0.5,5,5,5,0,0,0,0,0,0,0.5,0.5,0,0,0,0.5,X,X,0,0,0,0,X,0,0,0,0.1,0.1,n
CA/SA,20090610,2009,BH37,3,4,2,4,4,4,0,0,0,0,0,0,1,1,0,0,0,1,X,0,0,0,0,0,0,0,0,0,1,0,n
SLK/KW,20090611,2009,BH39,1,5,2,5,5,5,0.5,0.5,0,0,0,0,2,2,2,X,0,1,X,X,0,X,0,0,0,0,0,0,0,0,n
SLK/KW,20090611,2009,BH39,2,5,1,5,4,4,0,0.5,0,0,0,0,3,3,2,X,0,1,X,X,0,X,0,0,0,0,0,0,0,0,n
SLK/KW,20090611,2009,BH39,3,5,0.5,5,5,4,1,1,0,0,0,0,2,2,2,X,0,1,X,X,0,X,0,0,0,0,0,0,0,0,n
SLK/KW,20090611,2009,BH34,1,5,0,5,5,5,0,0.5,0,0,0,0,3,3,3,0,0,3,0,0,0,0,0,3,0,0,0,0,0,0,n
SLK/KW,20090611,2009,BH34,2,5,0,5,0.5,0.5,0,0,0,0,0,0,5,5,5,0,0,5,0,0,0,0,0,5,0,0,0,0,0,0,n
SLK/KW,20090611,2009,BH34,3,5,0,5,0,0,0,0,0,0,0,0,5,5,5,0,0,5,0,0,0,0,0,5,0,0,0,0,0,0,n
SLK/KW,20090611,2009,BH36,1,2,0.5,2,2,2,0,0,0,0,0,0,1,1,0.5,X,0,1,X,0,0,0,0,0,0,0,0,0,0,0,n
SLK/KW,20090611,2009,BH36,2,3,1,3,2,2,0,0,0,0,0,0,2,2,0,0,0,2,X,0,X,0,0,0,0,0,0,0,1,0,n
SLK/KW,20090611,2009,BH36,3,3,1,3,2,2,0,0,0,0,0,0,2,2,1,X,0,2,X,X,X,0,0,0,0,0,0,0,1,1,n
SLK/DR,20100525,2010,BH34,1,5,0,5,0,0,0,0,0,0,0,0,5,5,5,0,0,0,0,0,0,0,0,5,0,0,0,0,0,0,
SLK/DR,20100525,2010,BH34,2,5,0,5,0,0,0,0,0,0,0,0,5,5,5,0,0,0,0,0,0,0,0,5,0,0,0,0,0,0,
SLK/DR,20100525,2010,BH34,3,5,0,5,0,0,0,0,0,0,0,0,5,5,5,0,0,0,0,0,0,0,0,5,0,0,0,0,0,0,
SLK/DR,20100525,2010,BH36,1,1,0,1,0.5,0.5,0,0,0,0,0,0,0.5,0.5,0.5,X,0,0.5,0,X,0,0,0,0,0,0,0,0,0,0,
SLK/DR,20100525,2010,BH36,2,2,0,2,2,2,0,0,0,0,0,0,0.5,0.5,0.5,X,0,0.5,X,0,0,X,0,0,0,0,0,0,0,0,
SLK/DR,20100525,2010,BH36,3,3,0,3,3,3,0,0,0,0,0,0,1,1,0.5,X,0,1,X,X,X,X,0,0,0,0,0,0,0,0,
SLK/DR,20100525,2010,BH31,1,5,3,4,3,3,0,0,0,0,0,0,2,2,0,0,0,2,X,0,0,0,0,0,0,0,0,0,0,0,
SLK/DR,20100525,2010,BH31,2,5,3,5,5,5,0,0,0,0,0,0,0.5,0.5,0,0,0,0.5,X,X,0,0,0,0,0,0,0,0,0,0,
SLK/DR,20100525,2010,BH31,3,5,3,5,5,5,0,0,0,0,0,0,1,1,0.5,0,X,1,X,X,0,0,0,0,0,0,0,0,0,0,
SLK/SA,20100526,2010,BH29,1,3,2,3,3,0.5,3,0,0,0,0,0,0,0,0,0,0,0,0,0,0,0,0,0,0,0,0,0,0,0,
SLK/SA,20100526,2010,BH29,2,5,4,3,3,3,2,0,0,0,0,0,3,3,3,0,0,0,0,0,0,0,0,3,0,0,0,0,0,0,
SLK/SA,20100526,2010,BH29,3,5,4,3,3,2,3,0,0,0,0,0,2,2,0,0,0,2,X,0,0,0,0,2,0,0,0,0,0,0,
SLK/SA,20100526,2010,BH39,1,4,0,4,4,4,0,1,0,0,0,0,0.5,0.5,0.5,X,0,0.5,X,X,0,0,0,0,0,0,0,0,0,0,
SLK/SA,20100526,2010,BH39,2,4,0,4,4,4,0,0,0,0,0,0,2,2,2,X,0,2,X,X,0,0,0,1,0,2,0,0,0,0,
SLK/SA,20100526,2010,BH39,3,4,0,4,4,4,0,1,0,0,0,0,2,2,0,0,0,2,X,X,0,0,0,0,0,1,0,0,0,0,
SA/RR,20100527,2010,BH10,1,2,1,2,2,0,2,1,0,0,0.5,0,0.5,0.5,0.5,0,X,0.5,0,0,0,X,0,0,0,0,0,0,0,0,
SA/RR,20100527,2010,BH10,2,1,0,1,1,0,0,0,0,0,0,0,0,0,0,0,0,0,0,0,0,0,0,0,0,0,0,0,1,0,
SA/RR,20100527,2010,BH10,3,1,0,1,1,0,0,1,0,0,0,0,0,0,0,0,0,0,0,0,0,0,0,0,0,0,0,0,0,0,
SA/RR,20100527,2010,BH14,1,4,3,3,3,0,3,2,0,0,0,0,1,1,1,X,X,0.5,0,0,0,X,0,0,0,0,0,0,1,0,
SA/RR,20100527,2010,BH14,2,4,3,3,3,0,3,1,0,0,0,0,1,1,1,X,0,1,0,0,0,X,0,0,0,0,0,0,0.1,0,
SA/RR,20100527,2010,BH14,3,5,2,4,3,0,3,0,0,0,0,0,2,2,1,X,0,1,0,0,0,X,0,0,0,0,0,0,0,0,
SA/RR,20100527,2010,BH06,1,4,2,4,4,3,4,0,0,0,0,0,0,0,0,0,0,0,0,0,0,0,0,0,0,0,0,0,0,0,
SA/RR,20100527,2010,BH06,2,2,1,2,2,1,2,0,0,0,0,0,0,0,0,0,0,0,0,0,0,0,0,0,0,0,0,0,0,0,
SA/RR,20100527,2010,BH06,3,5,2,4,4,3,3,0,0,0,0,0,0,0,0,0,0,0,0,0,0,0,0,0,0,0,0,0,0,0,
CA/SLK,20100602,2010,BH22,1,4,0.5,4,4,2,3,0,0,0,0,0,1,0.5,0.5,X,0,0.5,0,0,0,X,0,0,0,0,0,0,0.1,0,
CA/SLK,20100602,2010,BH22,2,5,2,5,5,2,4,0,0,0,0,0,0.5,0.5,0,0,0,0.5,0,0,0,X,0,0,0,0,0,0,0,0,
CA/SLK,20100602,2010,BH22,3,4,3,4,4,3,3,0.5,0,0,0,0,0.5,0.5,0,0,0,0.5,0,0,0,X,0,0,0,0,0,0,0,0,
CA/SLK,20100602,2010,BH35,1,5,0,5,5,5,0,0,0,0,0,0,0.5,0,0,0,0,0.5,0,X,0,0,0,0,0,0,0,0,0,0,
CA/SLK,20100602,2010,BH35,2,4,0.5,4,4,4,0,0,0,0,0,0,2,2,0,0,0,2,0,X,0,0,0,0,0,0,0,0,0,0,
CA/SLK,20100602,2010,BH35,3,4,0.5,4,3,3,0,0,0,0,0,0,2,2,0,0,0,2,X,X,0,0,0,0,0,0,0,0,0,0,
SLK/SA,20100526,2010,BH37,1,4,0.5,4,4,4,0,0,0,0,0,0,0,0,0,0,0,0,0,0,0,0,0,0,0,0,0,0,0,0,
SLK/SA,20100526,2010,BH37,2,4,4,4,4,0,0,0,0,0,0,0,0,0,0,0,0,2,X,X,X,X,0,0,0,0,0,0,0,0,
SLK/SA,20100526,2010,BH37,3,5,2,5,5,5,0,0,0,0,0,0,2,0,0,0,0,0,0,0,0,0,0,0,0,2,0,0,0,0,
SLK/CA,20110628,2011,BH36,1,3,0,1,3,3,1,0,0,0,0,0,2,2,0,0,0,2,X,X,X,0,0,0,0,0,0,0,0.1,0,
SLK/CA,20110628,2011,BH36,2,2,0,2,2,2,0,0,0,0,0,0,2,2,1,0,0,2,0,X,0,0,0,0,0,0,0,0,0.1,0,
SLK/CA,20110628,2011,BH36,3,2,1,1,1,1,0,0,0,0,0,0,1,1,0.5,X,0,1,X,X,0,0,0,0,0,0,0,0,0.1,0,
SLK/CA,20110628,2011,BH35,1,5,2,5,5,5,0,0,0,0,0,0,1,1,0,0,0,1,0,X,0,0,0,0,0,0,0,0,0,0,
SLK/CA,20110628,2011,BH35,2,5,1,5,5,5,0,0,0,0,0,0,2,2,0,0,0,2,X,X,X,0,0,0,0,0,0,0,0.1,0,
SLK/CA,20110628,2011,BH35,3,4,0.5,4,3,3,0,0,0,0,0,0,2,2,0,0,0,2,0,X,0,0,0,0,0,0,0,0,0,0,
SLK/CA,20110629,2011,BH31,1,4,0,4,4,4,0,0,0,0,0,0,1,1,0,0,0,1,X,0,0,0,0,0,0,0,0,0,0,0,
SLK/CA,20110629,2011,BH31,2,4,2,4,3,3,0,0,0,0,0,0,2,2,0,0,0,2,X,X,0,X,0,0,0,0,0,0,0,0,
SLK/CA,20110629,2011,BH31,3,4,2,4,4,4,0,0,0,0,0,0,2,2,0,0,0,2,X,X,0,0,0,0,0,0,0,0,0,0,
SLK/GV,20110623,2011,BH34,1,5,0,5,0,0,0,0,0,0,0,0,5,5,5,0,0,0,0,0,0,0,5,2,0,0,0,0,0,0,Comment: Some bunches of T east of transect. Mosthly Clad but area around those and all along the transect was covered w/ Cladophora w/ a little Ana in spots.
SLK/GV,20110623,2011,BH34,2,5,0,5,0,0,0,0,0,0,0,0,5,5,5,0,0,0,0,0,0,0,5,2,0,0,0,0,0,0,
SLK/GV,20110623,2011,BH34,3,5,0,5,3,3,0,0,0,0,0,0,3,3,3,0,0,0,0,0,0,0,3,1,0,0,0,0,0,0,
SLK/GV,20110623,2011,BH29,1,5,0,5,3,3,2,0,0,0,0,0,3,3,3,0,0,2,0,X,0,X,3,1,0,0,0,0,0,0,Comment: A lot of overlap. TGO is mostly Anadyomene.
SLK/GV,20110623,2011,BH29,2,5,0,5,3,2,3,0,0,0,0,0,3,3,3,0,0,1,X,X,0,0,3,1,0,0,0,0,0.1,0,
SLK/GV,20110623,2011,BH29,3,5,0,5,3,3,2,0,0,0,0,0,3,3,3,0,0,2,0,X,0,X,3,1,0,0,0,0,0,0,
SLK/DR,20110617,2011,BH06,1,2,0,2,2,2,0,0,0,0,0,0,0,0,0,0,0,0,0,0,0,0,0,0,0,0,0,0,0,0,
SLK/DR,20110617,2011,BH06,2,5,0.5,5,5,1,5,0,0,0,0,0,0,0,0,0,0,0,0,0,0,0,0,0,0,0,0,0,0.1,0,
SLK/DR,20110617,2011,BH06,3,4,0.5,4,4,0.5,4,0,0,0,0,0,0,0,0,0,0,0,0,0,0,0,0,0,0,0,0,0,0.1,0,
SLK/DR,20110617,2011,BH10,1,0,0,0,0,0,0,0,0,0,0,0,0,0,0,0,0,0,0,0,0,0,0,0,0,0,0,0,0,0,"Comment:  Bare.  A few sponges , sea urchins, but not in grid areas"
SLK/DR,20110617,2011,BH10,2,0,0,0,0,0,0,0,0,0,0,0,0,0,0,0,0,0,0,0,0,0,0,0,0,0,0,0,0,0,
SLK/DR,20110617,2011,BH10,3,0,0,0,0,0,0,0,0,0,0,0,0,0,0,0,0,0,0,0,0,0,0,0,0,0,0,0,0,0,
SLK/DR,20110622,2011,BH22,1,4,2,4,4,3,2,0,0,0,0,0,1,1,0,0,0,1,0,0,0,X,0,0,0,0,0,0,0,0,
SLK/DR,20110622,2011,BH22,2,5,2,5,5,2,5,0,0,0,0,0,0.5,0.5,0,0,0,0.5,0,0,0,X,0,0,0,0,0,0,0,0,
SLK/DR,20110622,2011,BH22,3,5,0,5,5,2,5,0,0,0,0,0,0.5,0.5,0,0,0,0.5,0,0,0,X,0,0,0,0,0,0,0,0,
SLK/DR,20110622,2011,BH14,1,5,3,4,4,0,4,0,0,0,0,0,2,2,2,X,0,0.5,0,0,0,X,0,0,0,0,0,0,0,0,Comment:  GA mosthly as epiphyte growth on S
SLK/DR,20110622,2011,BH14,2,5,3,5,5,0,5,0,0,0,0,0,1,1,1,X,0,0.5,0,0,0,X,0,0,0,0,0,0,0,0,
SLK/DR,20110622,2011,BH14,3,5,2,5,5,0,5,0,0,0,0,0,0.5,0.5,0,0,0,0.5,0,0,0,X,0,0,0,0,0,0,0,0,
GV/SA,20110627,2011,BH37,1,4,0,4,4,4,0,0,0,0,0,0,0.5,0.5,0,0,0,0.5,X,X,0,X,0,0,0,0,0,0,0,0,
GV/SA,20110627,2011,BH37,2,4,0,4,4,4,0,0,0,0,0,0,1,1,0,0,0,1,X,0,0,0,0,0,0,0,0,0,0,0,
GV/SA,20110627,2011,BH37,3,3,0,3,3,3,0,0,0,0,0,0,2,2,0,0,0,2,X,X,0,0,0,0,0,0,0,0,0,0,
GV/SA,20110627,2011,BH39,1,4,0.5,4,4,4,0,0,0,0,0,0,0.5,0.5,0,0,0,0.5,0,X,0,0,0,0,0,0,0,0,0,0,
GV/SA,20110627,2011,BH39,2,4,0,4,4,4,0,0,0,0,0,0,2,2,0,0,0,2,0,X,0,0,0,0,0,0,0,0,0,0,
GV/SA,20110627,2011,BH39,3,4,0,4,4,4,0,0,0,0,0,0,2,2,0,0,0,2,X,X,0,0,0,0,0,0,0,0,0,0,
GV/MP,20120702,2012,BH06,1,2,0,2,2,2,0,0.1,0,0,0,0,0,0,0,0,0,0,0,0,0,0,0,0,0,0,0,0,0,0,
GV/MP,20120702,2012,BH06,2,3,0,3,3,2,3,0,0,0,0,0,0,0,0,0,0,0,0,0,0,0,0,0,0,0,0,0,0,0,
GV/MP,20120702,2012,BH06,3,4,0,4,4,0,4,0,0,0,0,0,0,0,0,0,0,0,0,0,0,0,0,0,0,0,0,0,0,0,
GV/MP,20120702,2012,BH10,1,0,0,0,0,0,0,0,0,0,0,0,0,0,0,0,0,0,0,0,0,0,0,0,0,0,0,0,0,0,Comment:  Bare.  Abundant sea urchins L. variegatus observed in grid/transect area (3.4 urchins per square meter) .  Some Halimeda and Bathophora observer over R-bar that marks beguining of transect.
GV/MP,20120702,2012,BH10,2,0,0,0,0,0,0,0,0,0,0,0,0,0,0,0,0,0,0,0,0,0,0,0,0,0,0,0,0,0,
GV/MP,20120702,2012,BH10,3,0,0,0,0,0,0,0,0,0,0,0,0,0,0,0,0,0,0,0,0,0,0,0,0,0,0,0,0,0,
GV/MP,20120702,2012,BH14,1,5,2,5,5,0,5,1,0,0,0,0,0.5,0.5,0,0,0,0.5,0,0,0,X,0,0,0,0,0,0,0,0,
GV/MP,20120702,2012,BH14,2,5,2,5,5,0,5,0,0,0,0,0,0.5,0.5,0,0,0,2,0,0,0,X,0,0,0,0,0,0,0,0,
GV/MP,20120702,2012,BH14,3,5,2,5,5,0,5,0,0,0,0,0,0.5,0.5,0.5,X,X,0.5,0,0,0,X,0,0,0,0,0,0,0,0,Comment:  C. cupresoides and C.mexicana
GV/KW,20120703,2012,BH29,1,5,0,5,2,0.5,2,0,0,0,0,0,5,5,5,0,0,2,0,X,0,0,5,0,0,0,0,0,0,0,Comment: Mosthly Anadyomene sp (about 80% of Quadrat).
GV/KW,20120703,2012,BH29,2,5,0,5,2,0.5,2,0,0,0,0,0,5,5,5,0,0,0,0,0,0,0,5,0,0,0,0,0,0,0,Comment: Mosthly Anadyomene sp (about 90% of Quadrat/ 30-35 cm high). Anadyomene covering totally the seagrass.  Dead T blades embebed on Anadyomene mats.  Halodule observed inside Anadyomene mat healthy.
GV/KW,20120703,2012,BH29,3,5,0,5,2,0.5,2,0,0,0,0,0,5,5,5,0,0,0,0,0,0,0,0,0,0,0,0,0,0,0,"Comment: Anadyomene sp. (about 50% of Quadrat/ 5 cm high). Some dead T blades (50%). Halodule observed inside Anadyomene mat healthy, but only 1 or 2 blades per shoot ."
GV/KW,20120703,2012,BH22,1,5,0,5,5,1,5,0.5,0,0,0,0,0,0,0,0,0,0,0,0,0,0,0,0,0,0,0,0,0.1,0,
GV/KW,20120703,2012,BH22,2,5,0,5,5,0.5,5,0.5,0,0,0,0,0,0,0,0,0,0,0,0,0,0,0,0,0,0,0,0,0.5,0,
GV/KW,20120703,2012,BH22,3,5,0,5,5,2,5,0.5,0,0,0,0,0,0,0,0,0,0,0,0,0,0,0,0,0,0,0,0,0.5,0,
GV/ML,20120705,2012,BH31,1,4,0,4,3,3,0,0,0,0,0,0,2,2,0,0,0,2,X,X,X,0,0,0,0,0,1,X,0,0,
GV/ML,20120705,2012,BH31,2,5,2,4,4,4,0,0,0,0,0,0,2,2,0,0,0,2,X,X,X,0,0,0,0,0,0,0,0,0,
GV/ML,20120705,2012,BH31,3,5,0,5,4,4,0,0,0,0,0,0,2,2,0,0,0,2,X,X,0,0,0,0,0,0,0,0,0,0,
GV/ML,20120705,2012,BH34,1,1,0,1,0,0,0,0,0,0,0,0,1,1,1,0,0,0.5,0,0,0,X,0,0,0,0,0,0,0,0,Comment:  Anadyomene sp. (2 % about 2 cm high).  Mosthly bare area with some Thalassia observed in transect (out of grids).  Thumble weeds of Anadyomene sp. about 20 cm diameter moving East to West due to underwater current.  No biomass collected.
GV/ML,20120705,2012,BH34,2,2,0,2,0,0,0,0,0,0,0,0,2,2,2,0,0,1,0,X,0,X,0,0,0,0,0,0,0,0,Comment:  Anadyomene sp. (5 % about 2 cm high).
GV/ML,20120705,2012,BH34,3,2,0,2,0,0,0,0,0,0,0,0,2,1,1,0,0,1,0,0,0,X,0,0,0,0,0,0,0,0,Comment:  Anadyomene sp. (3 % about 1 cm high).
JS/DR,20120720,2012,BH35,1,5,0,5,5,5,0,0,0,0,0,0,2,2,1,X,0,2,0,X,0,0,0,0,0,0,0,0,0,0,
JS/DR,20120720,2012,BH35,2,5,0,5,5,5,0,0,0,0,0,0,1,1,0,0,0,1,0,X,0,0,0,0,0,0,0,0,0,0,
JS/DR,20120720,2012,BH35,3,5,0,5,5,5,0,0,0,0,0,0,1,1,0,0,0,1,X,X,0,0,0,0,0,0,0,0,0,0,
JS/DR,20120720,2012,BH36,1,3,1,3,2,2,0,0,0,0,0,0,2,2,2,X,0,2,X,0,0,0,0,0,0,0,0,0,1,0,
JS/DR,20120720,2012,BH36,2,3,0,3,3,3,0,0,0,0,0,0,2,2,0.5,X,0,2,X,X,0,0,0,0,0,0,0,0,0,0,
JS/DR,20120720,2012,BH36,3,3,1,2,2,2,0,0,0,0,0,0,1,1,0.5,X,0,1,X,X,0,0,0,0,0,0,0,0,0,0,
GV,20120706,2012,BH37,1,5,0,5,5,5,0,0,0,0,0,0,2,2,0,0,0,2,X,X,0,0,0,0,0,0,0,0,0,0,
GV,20120706,2012,BH37,2,4,0,4,3,3,0,0,0,0,0,0,2,2,0,0,0,2,X,X,0,0,0,0,0,0,0,0,0,0,
GV,20120706,2012,BH37,3,5,0,5,5,5,0,0,0,0,0,0,2,2,0,0,0,2,X,X,0,0,0,0,0,0,0,0,0.1,0,
GV/KW,20120706,2012,BH39,1,4,0,4,3,3,0,0,0,0,0,0,2,2,2,X,0,1,X,X,0,X,0,0,0,0,0,0,0,0,
GV/KW,20120706,2012,BH39,2,5,0,5,5,5,0,0,0,0,0,0,2,2,0,0,0,2,0,X,0,0,0,0,0,0,0,0,0,0,
GV/KW,20120706,2012,BH39,3,4,3,3,3,2,0,1,0,0,0,0,2,2,2,X,0,0.5,0,X,0,X,0,0,0,0,0,0,0,0,
KI/IO,20130703,2013,BH39,1,5,3,5,4,4,0,0,0,0,0,0,3,3,3,X,0,2,0,X,0,0,0,0,0,0,0,0,0,0,
KI/IO,20130703,2013,BH39,2,5,3,5,3,3,0,0,0,0,0,0,4,4,4,X,0,2,0,X,X,0,0,0,0,0,0,0,0,0,
KI/IO,20130703,2013,BH39,3,5,0,5,4,4,0,0,0,0,0,0,3,3,3,X,X,1,X,X,X,0,0,0,0,0,0,0,0,0,
KI/IO,20130703,2013,BH37,1,5,0,5,5,5,0,0,0,0,0,0,1,1,0,0,0,1,X,X,0,0,0,0,0,0,0,0,0.1,0,Comment:  Some dead Thalassia observed
KI/IO,20130703,2013,BH37,2,5,2,5,5,5,0,0,0,0,0,0,2,2,0,0,0,2,X,0,0,0,0,0,0,0,0,0,0,0,
KI/IO,20130703,2013,BH37,3,5,2,5,5,5,0,0,0,0,0,0,2,2,0,0,0,2,X,X,0,0,0,0,0,0,0,0,0,0,
KI/IO,20130703,2013,BH31,1,4,0,4,4,4,0,0,0,0,0,0,1,1,0,0,0,1,X,X,0,0,0,0,0,0,0,0,0.5,0,
KI/IO,20130703,2013,BH31,2,5,3,4,4,4,0,0,0,0,0,0,2,2,0,0,0,2,X,X,X,0,0,0,0,0,0,0,0,0,
KI/IO,20130703,2013,BH31,3,5,3,4,4,4,0,0,0,0,0,0,2,2,0,0,0,2,X,X,0,0,0,0,0,0,0,0,0,0,
KI/JB,20130702,2013,BH22,1,1,0,1,0,0,0,0,0,0,0,0,1,1,0,0,0,1,0,0,X,0,0,0,0,0,0,0,0,0,
KI/JB,20130702,2013,BH22,2,3,0,3,1,1,0,0,0,0,0,0,3,2,2,0,X,2,X,0,0,X,0,0,0,0,0,0,0,0,
KI/JB,20130702,2013,BH22,3,3,2,3,2,2,0,0,0,0,0,0,3,3,1,0,X,2,X,0,X,X,0,0,0,0,0,0,0.1,0,
KI/JB,20130702,2013,BH29,1,3,1,2,2,2,1,0,0,0,0,0,0,0,0,0,0,0,0,0,0,0,0,0,0,0,0,0,0,0,
KI/JB,20130702,2013,BH29,2,3,1,3,2,2,0,0,0,0,0,0,2,2,1,0,X,1,0,0,0,X,0,0,0,0,0,0,0,0,
KI/JB,20130702,2013,BH29,3,4,2,4,3,0,3,1,0,0,0,0,2,2,0,0,0,2,0,X,0,X,0,0,0,0,0,0,0,0,
DR/ML,20130620,2013,BH14,1,4,1,4,4,0,4,0,0,0,0,0,0.5,0.5,0,0,0,0.5,0,0,0,X,0,0,0,0,0,0,0,0,
DR/ML,20130620,2013,BH14,2,4,1,4,4,0,4,0,0,0,0,0,0.5,0.5,0,0,0,0.5,0,0,0,X,0,0,0,0,0,0,0,0,
DR/ML,20130620,2013,BH14,3,4,1,4,4,0,4,0,0,0,0,0,0.5,0.5,0,0,0,0.5,0,0,0,X,0,0,0,0,0,0,0,0,
DR/ML,20130620,2013,BH06,1,3,0,3,3,2,2,0,0,0,0,0,0,0,0,0,0,0,0,0,0,0,0,0,0,0,0,0,0,0,
DR/ML,20130620,2013,BH06,2,5,0,5,5,3,4,0,0,0,0,0,0,0,0,0,0,0,0,0,0,0,0,0,0,0,0,0,0,0,
DR/ML,20130620,2013,BH06,3,4,1,4,4,3,3,0,0,0,0,0,0,0,0,0,0,0,0,0,0,0,0,0,0,0,0,0,0,0,
DR/ML,20130620,2013,BH10,1,0,0,0,0,0,0,0,0,0,0,0,0,0,0,0,0,0,0,0,0,0,0,0,0,0,0,0,0,0,"Comment:  Bare bottom. Sea urchins observed in the transect (4 in first grid, 36 in second grid and 7 in 3rd grid)"
DR/ML,20130620,2013,BH10,2,0,0,0,0,0,0,0,0,0,0,0,0,0,0,0,0,0,0,0,0,0,0,0,0,0,0,0,0,0,
DR/ML,20130620,2013,BH10,3,0,0,0,0,0,0,0,0,0,0,0,0,0,0,0,0,0,0,0,0,0,0,0,0,0,0,0,0,0,
JB/DR/ML,20130725,2013,BH36,1,4,0,4,3,3,0,0,0,0,0,0,2,2,0.5,X,0,2,0,X,X,0,0,0,0,0.5,0,0,0.5,0,
JB/DR/ML,20130725,2013,BH36,2,3,1,3,3,3,0,0,0,0,0,0,0.5,0.5,0,0,0,0.5,0,X,0,0,0,0,0,0,0,0,0.1,0.1,
JB/DR/ML,20130725,2013,BH36,3,3,0,3,2,2,0,0,0,0,0,0,1,1,0,0,0,1,0,X,X,0,0,0,0,0,0,0,0.1,0.5,
JB/DR/ML,20130725,2013,BH35,1,5,0,5,5,5,0,0,0,0,0,0,2,2,0,0,0,2,X,X,0,0,0,0,0,0,0,0,0,0,
JB/DR/ML,20130725,2013,BH35,2,5,0,5,5,5,0,0,0,0,0,0,0,0,0,0,0,0,0,0,0,0,0,0,0,0,0,0,0,0,
JB/DR/ML,20130725,2013,BH35,3,5,0.5,5,5,5,0,0,0,0,0,0,0.5,0.5,0,0,0,0.5,X,X,0,0,0,0,0,0,0,0,0,0,
JB/DR/ML,20130725,2013,BH34,1,2,0,2,0,0,0,0,0,0,0,0,2,2,0,0,0,2,0,X,0,X,0,0,0,0,0,0,0,0,
JB/DR/ML,20130725,2013,BH34,2,3,1,3,0,0,0,0,0,0,0,0,3,3,3,0,0,2,0,X,0,X,3,1,0,0,0,0,0,0,Comment: Anadyomene sp. observed in the grid
JB/DR/ML,20130725,2013,BH34,3,4,0,4,0,0,0,0,0,0,0,0,4,4,4,0,0,1,0,0,0,X,4,0,0,0,0,0,0,0,Comment: Anadyomene sp. observed in the grid
ML,20140626,2014,BH06,1,5,0,5,5,3,4,0,0,0,0,0,0.5,0.5,0,0,0,0.5,0,0,X,0,0,0,0,0,0,0,0,0,
ML,20140626,2014,BH06,2,5,0,5,5,2,4,0,0,0,0,0,0,0,0,0,0,0,0,0,0,0,0,0,0,0,0,0,0,0,
GV,20140626,2014,BH06,3,4,0,4,4,2,3,0,0,0,0,0,0,0,0,0,0,0,0,0,0,0,0,0,0,0,0,0,0,0,
GV,20140626,2014,BH10,1,0,0,0,0,0,0,0,0,0,0,0,0,0,0,0,0,0,0,0,0,0,0,0,0,0,0,0,0,0,
GV,20140626,2014,BH10,2,0,0,0,0,0,0,0,0,0,0,0,0,0,0,0,0,0,0,0,0,0,0,0,0,0,0,0,0,0,
GV,20140626,2014,BH10,3,0,0,0,0,0,0,0,0,0,0,0,0,0,0,0,0,0,0,0,0,0,0,0,0,0,0,0,0,0,
GV,20140714,2014,BH22,1,3,0,3,3,0.5,3,0,0,0,0,0,0,0,0,0,0,0,0,0,0,0,0,0,0,0,0,0,0,0,
GV,20140714,2014,BH22,2,3,0,3,3,0,3,0.5,0,0,0,0,0,0,0,0,0,0,0,0,0,0,0,0,0,0,0,0,0,0,
DR,20140714,2014,BH22,3,3,0,3,3,0.5,3,0,0,0,0,0,0,0,0,0,0,0,0,0,0,0,0,0,0,0,0,0,0,0,
DR GV,20140714,2014,BH14,1,4,0,4,4,0,4,0.5,0,0,0,0,0,0,0,0,0,0,0,0,0,0,0,0,0,0,0,0,0,0,
DR GV,20140714,2014,BH14,2,4,0,4,4,0,4,0,0,0,0,0,0.5,0.5,0,0,0,0.5,0,0,X,0,0,0,0,0,0,0,0,0,
GV,20140714,2014,BH14,3,4,0,4,4,0,4,1,0,0,0,0,0,0,0,0,0,0,0,0,0,0,0,0,0,0,0,0,0,0,
GV,20140715,2014,BH34,1,1,0,1,0,0,0,0,0,0,0,0,1,1,1,X,0,1,0,X,0,0,1,1,0,0,0,0,0,0,
GV,20140715,2014,BH34,2,1,0,1,0,0,0,0,0,0,0,0,1,1,1,X,0,0.5,X,X,0,0,1,1,0,0.5,0,0,0,0,
ML,20140715,2014,BH34,3,1,0,1,0,0,0,0,0,0,0,0,1,1,0.1,X,0,1,0,X,0,0,0,0.5,0,0,0,0,0,0,
ML,20140715,2014,BH31,1,5,0,5,5,5,0,0,0,0,0,0,2,2,0,0,0,2,X,0,0,0,0,0,0,0,0,0,0.1,0,
ML,20140715,2014,BH31,2,5,0,5,5,5,0,0,0,0,0,0,2,2,0,0,0,2,X,X,0,0,0,0,0,0,0,0,0.1,0,
GV,20140715,2014,BH31,3,3,1,3,3,3,0,0,0,0,0,0,2,2,0,0,0,2,X,X,0,0,0,0,0,0,0,0,0,0,
IO,20140717,2014,BH39,1,4,0,4,4,4,0,0,0,0,0,0,0.5,0.5,0.5,X,0,0,0,0,0,0,0,0,0,0,0,0,0,0,
IO,20140717,2014,BH39,2,3,0,3,3,3,0,0,0,0,0,0,2,2,2,X,0,0.5,0,0,0,X,0,0,0,0,0,0,0,0,
GV,20140717,2014,BH39,3,5,3,4,3,2,0,1,0,0,0,0,3,3,3,X,0,1,X,X,0,0,0,0,0,0,0,0,0,0,
DR,20140714,2014,BH29,1,4,0,4,2,0,2,0,0,0,0,0,4,4,4,0,0,0,0,0,0,0,4,1,0,0,0,0,0,0,
DR,20140714,2014,BH29,2,4,0,4,2,0,2,0,0,0,0,0,4,4,4,0,0,0,0,0,0,0,3,1,0,0,0,0,0,0,
GV,20140714,2014,BH29,3,5,0,5,0,0,0,0,0,0,0,0,5,5,5,0,0,0,0,0,0,0,5,2,0,0,0,0,0,0,
IO,20140717,2014,BH37,1,3,0,3,3,3,0,0,0,0,0,0,2,2,0,0,0,2,X,X,X,0,0,0,0,0,0,0,0,0,
IO,20140717,2014,BH37,2,3,0,3,3,3,0,0,0,0,0,0,1,1,0,0,0,1,X,X,0,0,0,0,0,0,0,0,0.1,0,
GV,20140717,2014,BH37,3,5,0,5,5,5,0,0,0,0,0,0,2,2,0,0,0,2,X,X,0,0,0,0,0,0,0,0,0,0,
DR,20140716,2014,BH35,1,5,0,5,5,5,1,0,0,0,0,0,2,2,0,0,0,2,X,X,0,0,0,0,0,0,0,0,0,0,
DR,20140716,2014,BH35,2,5,0,5,5,5,0.5,0,0,0,0,0,1,0,0,0,0,1,X,X,0,0,0,0,0,0,0,0,0,0,
ML,20140716,2014,BH35,3,5,2,5,5,4,2,0,0,0,0,0,2,2,0,0,0,2,X,X,0,0,0,0,0,0,0,0,0,0,
DR,20140716,2014,BH36,1,3,0,3,2,2,0,0,0,0,0,0,1,1,0.5,X,0,1,0,X,0,0,0,0,0,0,0,0,0,0,
DR,20140716,2014,BH36,2,4,0,4,3,3,0,0,0,0,0,0,2,2,0.5,X,0,2,0,X,0,0,0,0,0,0,0,0,0.1,0,
ML,20140716,2014,BH36,3,4,0,4,4,4,0,0,0,0,0,0,2,2,2,X,X,2,X,X,X,0,0,0,0,0,0,0,0.1,0.1,
DR,20160718,2016,BH06,1,0.5,0,0.5,0,0,0,0,0,0,0,0,0.5,0,0,0,0,0,0,0,0,0,0,0,0,0.5,0,0,0,0,"""Gracilaria"""
DR,20160718,2016,BH06,2,0.5,0,0.5,0,0,0,0,0,0,0,0,0.5,0.5,0.5,0,X,0,0,0,0,0,0,0,0,0,0,0,0,0,
GV,20160718,2016,BH06,3,1,0,1,0,0,0,0,0,0,0,0,1,1,0.5,0,X,0.5,X,0,X,0,0,0,0,0.5,0,0,0,0,"""Laurencia, Gracilaria"""
GV,20160718,2016,BH10,1,0,0,0,0,0,0,0,0,0,0,0,0,0,0,0,0,0,0,0,0,0,0,0,0,0,0,0,0,0,"""4 Urchins L. variegatus"""
GV,20160718,2016,BH10,2,0,0,0,0,0,0,0,0,0,0,0,0,0,0,0,0,0,0,0,0,0,0,0,0,0,0,0,0,0,"""5 Urchins L. variegatus"""
DR,20160718,2016,BH10,3,0,0,0,0,0,0,0,0,0,0,0,0,0,0,0,0,0,0,0,0,0,0,0,0,0,0,0,0,0,
DR,20160718,2016,BH14,1,3,0,3,3,0,3,0,0,0,0,0,0,0,0,0,0,0,0,0,0,0,0,0,0,0,0,0,0,0,
DR,20160718,2016,BH14,2,3,0,3,3,0,3,0,0,0,0,0,0,0,0,0,0,0,0,0,0,0,0,0,0,0,0,0,0,0,
DR,20160718,2016,BH14,3,3,0,3,3,0,3,0,0,0,0,0,0,0,0,0,0,0,0,0,0,0,0,0,0,0,0,0,0,0,"""Epiphytic overgrowth (slime) on Sf"""
GV,20160719,2016,BH22,1,5,1,5,5,0,4,1,0,0,0,0,0,0,0,0,0,0,0,0,0,0,0,0,0,0,0,0,0.1,0,
MG,20160719,2016,BH22,2,0,0,0,0,0,0,0,0,0,0,0,0,0,0,0,0,0,0,0,0,0,0,0,0,0,0,0,0,0,
MG,20160719,2016,BH22,3,0.5,0,0.5,0.5,0,0,0.5,0,0,0,0,0.5,0.5,0,0,0,0.5,0,0,X,0,0,0,0,0,0,0,0,0,
MG,20160719,2016,BH29,1,4,0,4,4,0,1,4,0,0,0,0,0,0,0,0,0,0,0,0,0,0,0,0,0,0,0,0,0.1,0,
MG,20160719,2016,BH29,2,0,0,0,0,0,0,0,0,0,0,0,0,0,0,0,0,0,0,0,0,0,0,0,0,0,0,0,0,0,
GV,20160719,2016,BH29,3,0,0,0,0,0,0,0,0,0,0,0,0,0,0,0,0,0,0,0,0,0,0,0,0,0,0,0,0,0,
JB,20160726,2016,BH34,1,0.5,0,0.5,0.5,0.5,0,0,0,0,0,0,0.5,0,0,0,0,0.5,X,X,X,0,0,0,0,0,0,0,0.1,0,
JB,20160726,2016,BH34,2,1,0.1,1,0,0,0,0,0,0,0,0,1,0,0,0,0,1,X,0,0,X,0,0,0,0,0,0,0,0,
GV,20160726,2016,BH34,3,2,0,2,0,0,0,0,0,0,0,0,2,2,0.1,X,0,2,X,X,X,0,0,0,0,0,0,0,0,0,
GV,20160825,2016,BH39,1,5,0,5,5,5,0,0,0,0,0,0,2,2,0,0,0,2,X,X,0,0,0,0,0,0,0,0,0,0,
ML,20160825,2016,BH39,2,5,2,4,4,4,0,0,0,0,0,0,2,2,1,X,0,2,X,X,0,0,0,0,0,0,0,0,0,0,
ML,20160825,2016,BH39,3,4,2,3,3,3,0,0,0,0,0,0,2,2,2,X,0,1,X,X,0,X,0,0,0,0,0,0,0,0,
GV,20150630,2015,BH22,1,3,0,3,3,3,2,0,0,0,0,0,0,0,0,0,0,0,0,0,0,0,0,0,0,0,0,0,0,0,
KI,20150630,2015,BH22,2,4,1,4,4,4,0,0,0,0,0,0,0,0,0,0,0,0,0,0,0,0,0,0,0,0,0,0,0.5,0,
GV,20150630,2015,BH22,3,0.5,0,0.5,0.5,0.5,0,0,0,0,0,0,0,0,0,0,0,0,0,0,0,0,0,0,0,0,0,0,0,0,"""NEXT TO BIRD BARS. MOSTLY BARE"""
KI,20150630,2015,BH14,1,5,0,5,5,0,5,0.5,0,0,0,0,0.5,0.5,0,0,0,0.5,0,0,0,X,0,0,0,0,0,0,0,0,
KI,20150630,2015,BH14,2,4,0,4,4,0,4,0.5,0,0,0,0,0.5,0.5,0,0,0,0.5,0,0,0,X,0,0,0,0,0,0,0,0,
GV,20150630,2015,BH14,3,5,0,5,5,0,5,0.5,0,0,0,0,0,0,0,0,0,0,0,0,0,0,0,0,0,0,0,0,0,0,
GV,20150630,2015,BH34,1,3,0,3,2,0,0,2,0,0,0,0,3,3,3,0,0,0.5,0,0,0,X,3,0.5,0,0,0,0,0,0,
JB,20150630,2015,BH34,2,4,0,4,1,0,0,1,0,0,0,0,3,3,3,X,0,0.5,0,0,X,0,3,0,0,0,0.5,X,0.5,0,
JB,20150630,2015,BH34,3,3,0,3,2,0,0,2,0,0,0,0,3,3,3,0,0,0.5,0,0,X,0,3,1,0,0,0.5,X,0,0,
GV,20150623,2015,BH29,1,5,0,5,3,0,2,2,0,0,0,0,4,4,4,0,0,0,0,0,0,0,3,3,0,0,0,0,0,0,
GV,20150623,2015,BH29,2,0,0,0,0,0,0,0,0,0,0,0,0,0,0,0,0,0,0,0,0,0,0,0,0,0,0,0,0,0,
KI,20150623,2015,BH29,3,0.5,0,0.5,0,0,0,0,0,0,0,0,0.5,0.5,0.5,0,0,0.5,0,0,0,X,0.5,0.5,0,0,0,0,0,0,
KI,20170619,2017,BH06,1,0.5,0,1,0,0,0,0,0,0,0,0,0.5,0.5,0.5,0,X,0.5,X,X,X,0,0,0,0,0,0,0,0,0,
KI,20170619,2017,BH06,2,0.5,0,1,0,0,0,0,0,0,0,0,0.5,0.5,0.5,0,X,0.5,X,X,X,0,0,0,0,0,0,0,0,0,
KI,20170619,2017,BH06,3,1,0,1,0,0,0,0,0,0,0,0,1,1,0.5,0,X,0.5,X,X,X,0,0,0,0,0,0,0,0,0,
KI,20170619,2017,BH10,1,0,0,0,0,0,0,0,0,0,0,0,0,0,0,0,0,0,0,0,0,0,0,0,0,0,0,0,0.1,0,"""3 Urchins (L. variegatus)"""
KI,20170619,2017,BH10,2,0,0,0,0,0,0,0,0,0,0,0,0,0,0,0,0,0,0,0,0,0,0,0,0,0,0,0,0,0,"""4 Urchins (L. variegatus)"""
KI,20170619,2017,BH10,3,0,0,0,0,0,0,0,0,0,0,0,0,0,0,0,0,0,0,0,0,0,0,0,0,0,0,0,0.5,0,"""6 Urchins (L. variegatus)"""
KI,20170619,2017,BH14,1,0,0,0,0,0,0,0,0,0,0,0,0,0,0,0,0,0,0,0,0,0,0,0,0,0,0,0,0,0,"""1 Urchin (L. variegatus)"""
KI,20170619,2017,BH14,2,0,0,0,0,0,0,0,0,0,0,0,0,0,0,0,0,0,0,0,0,0,0,0,0,0,0,0,0,0,
KI,20170619,2017,BH14,3,0,0,0,0,0,0,0,0,0,0,0,0,0,0,0,0,0,0,0,0,0,0,0,0,0,0,0,0,0,"""1 Urchin (L. variegatus)"""
KW,20170621,2017,BH22,1,5,1,5,5,0,5,1,0,0,0,0,2,2,2,0,X,0.5,0,0,X,0,0,0,0,0.5,0,0,0,0,"""TRO=Laurencia"""
MG,20170621,2017,BH22,2,3,0,3,3,0,0,3,0,0,0,0,0.5,0.5,0,0,0,0.5,0,0,0,X,0,0,0,0,0,0,0,0,
MG,20170621,2017,BH22,3,2,0,2,2,0,0,2,0,0,0,0,0,0,0,0,0,0,0,0,0,0,0,0,0,0,0,0,0,0,
MZ,20170622,2017,BH34,3,2,0,2,0,0,0,0,0,0,0,0,2,2,0.5,X,0,2,X,0,X,X,0,0,0,0,0,0,0,0,
MZ,20170622,2017,BH34,2,3,0,3,0,0,0,0,0,0,0,0,3,3,0.5,X,0,3,X,X,X,X,0,0,0,0,0,0,0,0,
MZ,20170622,2017,BH34,1,2,0,2,0,0,0,0,0,0,0,0,2,2,0.5,X,X,2,X,X,X,X,0,0,0,0,0,0,0,0,
KI,20170622,2017,BH39,1,4,0,4,4,4,0,0,0,0,0,0,0.5,0.5,0.5,X,0,0.5,X,X,0,X,0,0,0,0,0,0,0,0,
KI,20170622,2017,BH39,2,5,0,5,5,5,0,0,0,0,0,0,1,1,1,X,0,0.1,0,0,0,X,0,0,0,0,0,0,0,0,
KI,20170622,2017,BH39,3,4,0,4,4,4,0,0,0,0,0,0,1,1,1,X,0,0.1,X,0,0,0,0,0,0,0,0,0,0,0,
DR,20170626,2017,BH36,1,1,0,1,1,1,0,0,0,0,0,0,0.5,0.5,0.5,X,0,0,0,0,0,0,0,0,0,0,0,0,0.5,0,
DR,20170626,2017,BH36,2,2,0,2,2,2,0,0,0,0,0,0,0.5,0.5,0.5,X,0,0.5,0,X,0,X,0,0,0,0,0,0,0.1,0,
GV,20170626,2017,BH36,3,2,0.5,2,2,2,0,0,0,0,0,0,1,1,1,X,0,0,0,0,0,0,0,0,0,0,0,0,0.1,0.1,"""TDR=Laurencia,, HC=Manicina"""
GV,20170626,2017,BH37,1,5,0,5,5,5,0,0,0,0,0,0,0,0,0,0,0,0,0,0,0,0,0,0,0,0,0,0,0,0,
GV,20170626,2017,BH37,2,5,0,5,5,5,0,0,0,0,0,0,0.5,0.5,0,0,0,0.5,0,X,0,0,0,0,0,0,0,0,0,0,
DR,20170626,2017,BH37,3,5,0,5,5,5,0,0,0,0,0,0,0.1,0.1,0,0,0,0.1,X,0,0,0,0,0,0,0,0,0,0,0,
KW,20170629,2017,BH35,1,5,0,5,5,5,0,0,0,0,0,0,0,0,0,0,0,0,0,0,0,0,0,0,0,0,0,0,0.1,0,
GV,20170629,2017,BH35,2,5,0,5,5,5,0,0,0,0,0,0,0.5,0.5,0,0,0,0.5,0,X,0,0,0,0,0,0,0,0,0,0,
GV,20170629,2017,BH35,3,5,0,5,5,5,0,0,0,0,0,0,0,0,0,0,0,0,0,0,0,0,0,0,0,0,0,0,0,0,
KW,20170629,2017,BH31,1,4,1,4,4,4,0,0,0,0,0,0,2,2,0.5,0,X,2,X,X,0,0,0,0,0,0,0,0,0.5,0,"""1 Urchin (L. variegatus)"""
GV,20170629,2017,BH31,2,4,3,3,3,3,0,0,0,0,0,0,2,2,1,0,X,2,X,X,X,0,0,0,0,0,0,0,0.5,0,"""TDR=Digenia"""
GV,20170629,2017,BH31,3,4,3,4,4,4,0,0,0,0,0,0,2,2,0,0,0,2,X,X,0,0,0,0,X,0,0,0,0.5,0,"""TDR=Digenia"""
KW,20170621,2017,BH29,1,4,0.5,4,4,0,1,4,0,2,0,0,0.1,0.1,0,0,0,0.1,X,0,0,0,0,0,0,0,0,0,0.5,0,
MG,20170621,2017,BH29,2,3,0,3,0,0,0,0,0,0,0,0,3,3,3,0,X,0.1,X,0,0,0,0,0,0,0,0,0,0.1,0,
MG,20170621,2017,BH29,3,2,0,2,0,0,0,0,0,0,0,0,2,2,0.5,X,0,2,X,X,0,0,0,0,0,0.1,0,0,0,0,
GV,20180702,2018,BH06,1,0.5,0,0.5,0,0,0,0,0,0,0,0,0.5,0.5,0,0,0,0.5,0,0,X,X,0,0,0,0,0,0,0,0,"""Some hydroids observed in the transect"""
GV,20180702,2018,BH06,2,0,0,0,0,0,0,0,0,0,0,0,0,0,0,0,0,0,0,0,0,0,0,0,0,0,0,0,0,0,
GV,20180702,2018,BH06,3,1,0,1,1,0,0,1,0,0,0,0,0.5,0.5,0,0,0,0.5,X,0,X,0,0,0,0,0,0,0,0,0,"""Halimeda opuntia"""
GV,20180702,2018,BH10,1,2,2,2,2,0,0,0,0,0,2,0,0.5,0.5,0,0,0,0.5,0,0,0,X,0,0,0,0,0,0,0.1,0,"""TDR=Acanthophora"""
GV,20180702,2018,BH10,2,2,2,2,2,0,0,0,0,0,2,,1,0.5,0,0,0,0.5,0,0,0,X,0,0,0,0,1,0,0.1,1,"""TBR=Dictyota. TDR=Acanthophora, Polysiphonia"""
GV,20180702,2018,BH10,3,2,2,0.5,0,0,0,0,0,0,0,0,0.5,0.5,0,0,0,0.5,X,0,0,X,0,0,0,0,0,0,2,0,"""TDR=Acanthophora"""
GV,20180702,2018,BH14,1,0.1,0,0.1,0.1,0,0.1,0,0,0,0,0,0,0,0,0,0,0,0,0,0,0,0,0,0,0,0,0,0,0,
GV,20180702,2018,BH14,2,0,0,0,0,0,0,0,0,0,0,0,0,0,0,0,0,0,0,0,0,0,0,0,0,0,0,0,0,0,
GV,20180702,2018,BH14,3,0,0,0,0,0,0,0,0,0,0,0,0,0,0,0,0,0,0,0,0,0,0,0,0,0,0,0,0,0,
ML,20180621,2018,BH22,1,3,0,3,3,0.5,3,0,0,0,0,0,0,0,0,0,0,0,0,0,0,0,0,0,0,0,0,0,0.1,0,
JB,20180621,2018,BH22,2,4,1,4,4,0,4,1,0,0,0,0,1,1,0,0,0,1,X,X,0,0,0,0,0,0,0,0,0,0,
JB,20180621,2018,BH22,3,5,0,5,5,0,4,2,0,0,0,0,1,1,0,0,0,1,X,X,0,0,0,0,0,0,0,0,0,0,
ML,20180621,2018,BH29,1,4,4,0,0,0,0,0,0,0,0,0,0.5,0.5,0.5,0,0,0,0,0,0,0,0,0,0,0,0,0,0.5,"""ANA = 0.5""",
ML,20180621,2018,BH29,2,0.5,0,0.5,0,0,0,0,0,0,0,0,0.5,0.5,0.5,X,0,0,0,0,0,0,0,0,0,0,0,0,0,0,
ML,20180621,2018,BH29,3,0.5,0,0.5,0,0,0,0,0,0,0,0,0.5,0.5,0.1,X,0,0.5,X,0,X,0,0,0,0,0,0,0,0,0,
ML,20180621,2018,BH31,1,4,0,4,4,4,0,0,0,0,0,0,1,1,0,0,0,1,X,X,X,0,0,0,0,0,0,0,0,0,
JB,20180621,2018,BH31,2,4,1,3,3,3,0,0,0,0,0,0,1,1,0,0,0,1,X,0,0,0,0,0,0,0,0,0,0.5,0,
JB,20180621,2018,BH31,3,3,0.5,3,3,3,0,0,0,0,0,0,2,2,0,0,0,2,X,X,X,0,0,0,0,0,0,0,0,0,
JB,20180620,2018,BH34,1,1,0,1,0,0,0,0,0,0,0,0,1,1,0.5,X,0,0.5,X,X,0,X,0,0,0,0,0,0,0,0,"""Patchy SAV. Some Anadyomene stellata out of the grid"""
JB,20180620,2018,BH34,2,0.5,0.5,0,0,0,0,0,0,0,0,0,0,0,0,0,0,0,0,0,0,0,0,0,0,0,0,0,0.1,0,
ML,20180620,2018,BH34,3,2,0,2,2,2,0,1,0,0,0,0,1,1,0,0,0,1,X,X,0,X,0,0,0,0,0,0,0,0,
JB,20180620,2018,BH36,1,3,0,3,3,3,0,0,0,0,0,0,0.5,0.5,0.5,X,0,0,0,0,0,0,0,0,0,0,0,0,0,0.1,
ML,20180620,2018,BH36,2,4,0,4,4,4,0,0,0,0,0,0,1,1,1,X,0,1,0,X,0,X,0,0,0,0,0,0,0,0,
ML,20180620,2018,BH36,3,3,0,3,3,3,0,0,0,0,0,0,1,1,1,X,0,1,0,X,X,0,0,0,0,0,0,0,0,0,
JB,20180620,2018,BH35,1,5,0,5,5,5,0,0,0,0,0,0,1,1,0,0,0,1,X,X,0,0,0,0,0,0,0,0,0.5,0,
ML,20180620,2018,BH35,2,4,0,4,4,4,0,0,0,0,0,0,2,2,0,0,0,2,X,X,X,0,0,0,0,0,0,0,0,0,
ML,20180620,2018,BH35,3,5,0,5,5,5,0,0,0,0,0,0,1,1,0,0,0,1,X,X,X,0,0,0,0,0,0,0,0,0,
ML,20180618,2018,BH37,1,5,0,5,5,5,0,0,0,0,0,0,0,0,0,0,0,0,0,0,0,0,0,0,0,0,0,0,0,0,
ML,20180618,2018,BH37,2,5,0,5,5,5,0,0,0,0,0,0,1,1,0,0,0,1,X,0,X,0,0,0,0,0,0,0,0,0,
DR,20180618,2018,BH37,3,5,0,5,5,5,0,0,0,0,0,0,1,1,0,0,0,1,X,X,0,0,0,0,0,0,0,0,0,0,
ML,20180618,2018,BH39,1,5,0,5,5,5,0,0,0,0,0,0,1,1,1,X,0,1,0,X,0,0,0,0,0,0,0,0,0,0,
ML,20180618,2018,BH39,2,5,0,5,0,0,0,0,0,0,0,0,1,1,0,0,0,1,0,X,0,X,0,0,0,0,0,0,0,0,
DR,20180618,2018,BH39,3,5,0,5,5,5,0,0,0,0,0,0,0.5,0.5,0.5,X,0,0,0,0,0,0,0,0,0,0,0,0,0,0,
DR,20190703,2019,BH06,1,1,0.5,1,1,0,0,1,0,0,0,0,0.5,0.5,0,0,0,0.5,0,0,X,0,0,0,0,0,0,0,0,0,
DR,20190703,2019,BH06,2,0.5,0.5,0.5,0,0,0,0,0,0,0,0,0.5,0.5,0,0,0,0.5,0,0,X,0,0,0,0,0,0,0,0,0,
DR,20190703,2019,BH06,3,0.5,0.5,0.5,0,0,0,0,0,0,0,0,0.5,0.5,0,0,0,0.5,X,0,X,0,0,0,0,0,0,0,0,0,
ML,20190703,2019,BH10,1,1,1,1,0,0,0,0,0,0,0,0,1,1,0,0,0,1,X,0,0,X,0,0,0,0,0,0,0,0,"Strong Halocline, Low vissibility"
ML,20190703,2019,BH10,2,2,1,2,0,0,0,0,0,0,0,0,2,2,0,0,0,2,X,X,0,X,0,0,0,0,0,0,0,0,H. discoidea 15%
ML,20190703,2019,BH10,3,2,0,2,0,0,0,0,0,0,0,0,2,2,0,0,0,2,0,X,0,X,0,0,0,0,0,0,0,0,
DR,20190703,2019,BH14,1,0,0,0,0,0,0,0,0,0,0,0,0,0,0,0,0,0,0,0,0,0,0,0,0,0,0,0,0,0,
DR,20190703,2019,BH14,2,0,0,0,0,0,0,0,0,0,0,0,0,0,0,0,0,0,0,0,0,0,0,0,0,0,0,0,0,0,
DR,20190703,2019,BH14,3,0,0,0,0,0,0,0,0,0,0,0,0,0,0,0,0,0,0,0,0,0,0,0,0,0,0,0,0,0,
GV,20190715,2019,BH22,1,5,0,5,5,0,5,0,0,0,0,0,0,0,0,0,0,0,0,0,0,0,0,0,0,0,0,0,0,0,"Nutrients (Sf, TT, Halimeda)"
GV,20190715,2019,BH22,2,4,0,4,2,0,2,1,0,0,0,0,4,4,0,0,0,4,X,0,0,0,0,0,0,0,0,0,0,0,"H. discoidea. TT canopy 40cm, Sf canopy 95cm"
GV,20190715,2019,BH22,3,4,0,4,2,1,2,1,0,0,0,0,4,4,0,0,0,4,X,0,0,0,0,0,0,0,0,0,0,0,H. discoidea.
GV,20190715,2019,BH29,1,0,0,0,0,0,0,0,0,0,0,0,0,0,0,0,0,0,0,0,0,0,0,0,0,0,0,0,0,0,
GV,20190715,2019,BH29,2,3,0,3,2,0,1,2,0,0,0,0,2,2,0,0,0,2,X,0,0,0,0,0,0,0,0,0,0,0,"H. discoidea, H.sp"
GV,20190715,2019,BH29,3,3,0,3,2,0,0,0,0,2,0,0,2,2,0,0,0,2,X,0,0,0,0,0,0,0,0,0,0,0,"H. discoidea, H.sp"
MG,20190716,2019,BH31,1,4,0.1,4,3,3,0,0,0,0,0,0,2,2,0.5,0,X,1,X,X,0,0,0,0,0,0,0,0,0.1,0,
MG,20190716,2019,BH31,2,3,2,2,2,2,0,0,0,0,0,0,1,1,0.5,0,X,1,X,X,0,0,0,0,0,0,0,0,0.5,0,
GV,20190716,2019,BH31,3,4,2,3,3,3,0,0,0,0,0,0,2,2,0,0,0,2,X,X,0,0,0,0,0,0,0,0,0,0,
GV,20190716,2019,BH34,1,1,0,1,1,0,0,1,0,0,0,0,0.5,0.5,0.5,X,0,0.5,X,X,0,X,0,0,0,0,0,0,0,0,
GV,20190716,2019,BH34,2,1,0,1,0,0,0,0,0,0,0,0,1,1,0,0,0,1,X,X,0,X,0,0,0,0,0,0,0,0,
GV,20190716,2019,BH34,3,1,0,1,1,1,0,1,0,0,0,0,1,1,0.5,X,0,1,0,X,X,X,0,0,0,0,0,0,0,0,
GV,20190716,2019,BH36,1,0,0,0,0,0,0,0,0,0,0,0,0,0,0,0,0,0,0,0,0,0,0,0,0,0,0,0,0,0.5,Porites Sp.
GV,20190716,2019,BH36,2,1,0,1,1,1,0,0,0,0,0,0,1,1,0.5,X,0,1,X,0,X,X,0,0,0,0,0,0,0,0,
MG,20190716,2019,BH36,3,3,0,3,3,3,0,0,0,0,0,0,0.5,0.5,0.5,X,0,0.5,X,X,0,X,0,0,0,0,0,0,1,1,
ML,20190717,2019,BH37,1,5,0,5,5,5,0,0,0,0,0,0,1,1,0,0,0,1,X,X,0,0,0,0,0,0,0,0,1,0,
ML,20190717,2019,BH37,2,5,0,5,5,5,0,0,0,0,0,0,1,1,0,0,0,1,X,X,0,0,0,0,0,0,0,0,0,0,
GV,20190717,2019,BH37,3,4,0,4,4,4,0,0,0,0,0,0,2,2,0,0,0,2,X,X,0,0,0,0,0,0,0,0,0.5,0,"TT canopy=43, 35, 39, 38 cm"
GV,20190717,2019,BH39,1,3,0,3,2,2,0,0,0,0,0,0,2,2,2,X,0,1,X,X,0,0,0,0,0,1,0,0,0.5,0,TDR=Lau. Sp
GV,20190717,2019,BH39,2,5,1,5,5,5,0,0,0,0,0,0,1,1,0,0,0,1,X,X,0,0,0,0,0,0,0,0,0,0,"TT canopy= 18,15,20,21 cm; Halocline.  TDR=Laurencia"
GV,20190717,2019,BH39,3,4,0,4,3,3,0,0,0,0,0,0,2,2,2,X,X,1,X,X,0,0,0,0,0,0,0,0,0.5,0,
GV,20190829,2019,BH35,1,5,0,5,5,5,0,0,0,0,0,0,0,0,0,0,0,0,0,0,0,0,0,0,0,0,0,0,0,0,
GV,20190829,2019,BH35,2,5,0,5,5,5,0,0,0,0,0,0,2,2,0,0,0,2,X,0,0,0,0,0,0,0,0,0,0,0,Halimeda sp (incressata)
GV,20190829,2019,BH35,3,5,0,5,5,5,0,0,0,0,0,0,2,2,0,0,0,2,X,0,0,0,0,0,0,0,0,0,0,0,
SA,20200624,2020,BH06,1,2,0.5,2,2,0,0,2,0,0,2,0,1,1,0.5,0,X,1,X,0,X,X,0,0,0,0.5,0,0,0,0,Redish Halophila (dying)
SA,20200624,2020,BH06,2,2,0,2,2,0,2,1,0,0,0,0,0.5,0.5,0,0,0,0.5,X,X,0,0,0,0,0,0.5,0,0,0,0,
MP,20200624,2020,BH06,3,4,0,4,4,0,0,4,0,0,0,0,1,1,0.5,0,X,1,X,X,X,0,0,0,0,0,0,0,0,0,
SA,20200624,2020,BH10,1,3,1,3,0,0,0,0,0,0,0,0,3,3,0,0,0,3,X,0,0,0,0,0,0,0,0,0,0,0,
SA,20200624,2020,BH10,2,4,3,3,1,0,0,1,0,0,0,0,3,3,0.5,0,X,3,X,0,0,0,0,0,0,0,0,0,0,0,
MP,20200624,2020,BH10,3,4,2,4,0,0,0,0,0,0,0,0,4,4,0,0,0,4,X,0,0,0,0,0,0,0,0,0,1,0,
SA,20200629,2020,BH14,1,2,2,1,1,0,1,0,0,0,1,0,0,0,0,0,0,0,0,0,0,0,0,0,0,0,0,0,0.5,0,
SA,20200629,2020,BH14,2,0,0,0,0,0,0,0,0,0,0,0,0,0,0,0,0,0,0,0,0,0,0,0,0,0,0,0,0.5,0,
MP,20200629,2020,BH14,3,2,0,2,0,0,0,0,0,0,2,0,0,0,0,0,0,0,0,0,0,0,0,0,0,0,0,0,0.5,0,SP=Niphates sp. 
SA,20200629,2020,BH22,1,5,3,4,4,3,3,1,0,0,0,0,1,1,0,0,0,1,X,0,0,0,0,0,0,0,0,0,0.5,0,
SA,20200629,2020,BH22,2,5,3,4,4,1,4,1,0,0,0,0,2,2,0,0,0,2,X,0,0,0,0,0,0,0,0,0,0,0,
MP,20200629,2020,BH22,3,5,1,5,5,0.5,5,0,0,0,0,0,0.5,0.5,0,0,0,0.5,X,0,0,0,0,0,0,0,0,0,0.5,0,
SA,20200622,2020,BH29,1,5,2,5,0,0,0,0,0,0,0,0,5,5,0,0,0,5,X,0,0,0,0,0,0,0,0,0,0,0,
SA,20200622,2020,BH29,2,4,2,4,0,0,0,0,0,0,0,0,4,4,0,0,0,4,X,0,0,X,0,0,0,0,0,0,0.5,0,
MP,20200622,2020,BH29,3,4,3,3,0,0,0,0,0,0,0,0,3,3,0,0,0,3,X,0,0,0,0,0,0,0,0,0,0.5,0,SP=Niphates Sp.
SA,20200618,2020,BH31,1,3,1,3,1,1,0,0,0,0,0,0,3,3,0.5,0,X,3,X,X,0,0,0,0,0,0,0,0,0.5,0,
SA,20200618,2020,BH31,2,2,1,2,2,2,0,0,0,0,0,0,2,2,0,0,0,2,X,X,0,0,0,0,X,0,0,0,0.5,0,
MP,20200618,2020,BH31,3,4,2,3,3,3,0,0,0,0,0,0,2,2,0,0,0,2,X,X,0,0,0,0,0,0,0,0,1,0,
SA,20200622,2020,BH34,1,2,0.5,2,1,0,0,1,0,0,0,0,2,2,0.5,0,X,2,X,X,0,X,0,0,0,0.5,0,0,0.5,0,
SA,20200622,2020,BH34,2,2,0.5,2,2,0,0,2,0,0,0,0,1,1,0.5,X,0,1,X,X,X,X,0,0,0,0.5,0,0,0,0,
MP,20200622,2020,BH34,3,1,0,1,0.5,0,0,0.5,0,0,0,0,0.5,0.5,0,0,0,0.5,X,X,X,0,0,0,0,0,0,0,0,0,
SA,20200618,2020,BH36,1,2,0.5,2,1,1,0,0,0,0,0,0,1,1,0,0,0,1,0,X,X,0,0,0,0,0,0,0,1,1,
SA,20200618,2020,BH36,2,2,0,2,2,2,0,0,0,0,0,0,0.5,0.5,0,0,0,0.5,0,X,X,0,0,0,0,0,0,0,0.1,0.5,
MP,20200618,2020,BH36,3,2,0,2,2,2,0,0,0,0,0,0,0.5,0.5,0,0,0,0.5,0,X,0,X,0,0,0,0,0,0,0.5,0.5,
SA,20200617,2020,BH37,1,4,0,4,4,4,0,0,0,0,0,0,1,1,0.5,0,X,1,X,X,X,0,0,0,0,0,0,0,1,0,
SA,20200617,2020,BH37,2,4,1,4,4,4,0,0,0,0,0,0,1,1,0,0,0,1,X,X,0,0,0,0,0,0,0,0,0.5,0,
MP,20200617,2020,BH37,3,5,0,5,5,5,0,0,0,0,0,0,0.5,0.5,0,0,0,0.5,X,X,0,0,0,0,0,0,0,0,0.1,0,
SA,20200617,2020,BH39,1,3,2,2,2,0,0,0,0,0,0,0,1,1,1,X,0,1,X,X,0,0,0,0,0,0,0.5,X,1,0,
SA,20200617,2020,BH39,2,3,1,3,3,3,0,0,0,0,0,0,1,1,0.5,X,0,0.5,X,X,0,X,0,0,0,0,0,0,1,0,
MP,20200617,2020,BH39,3,3,2,3,3,3,0,0,0,0,0,0,1,1,1,X,,1,X,0,0,0,0,0,0,0,0.5,X,0.5,0,
SA,20200622,2020,BH35,1,5,0,5,5,5,0,0,0,0,0,0,0.5,0.5,0,0,0,0.5,X,X,0,0,0,0,0,0,0,0,0,0,
SA,20200622,2020,BH35,2,5,0.5,5,5,5,0,0,0,0,0,0,1,1,0,0,0,1,X,X,0,0,0,0,0,0,0,0,0,0,
MP,20200622,2020,BH35,3,5,0,5,5,5,0,0,0,0,0,0,0,0,0,0,0,0,0,0,0,0,0,0,0,0,0,0,0,0,
SA,20210629,2021,BH06,1,2,1,2,2,0,0,2,0,0,0,1,1,1,0,0,0,1,0.5,0,X,0,0,0,0,0,0,0,0,0,
SA,20210629,2021,BH06,2,1,0,1,1,0,0,1,0,0,0,0,0,0,0,0,0,0,0,0,0,0,0,0,0,0,0,0,0,0,
MP,20210629,2021,BH06,3,2,1,2,1,0,0,1,0,0,0,0.5,0.5,0.5,0,0,0,0.5,0,0,X,0,0,0,0,0.5,0.5,0.5,0,0,
SA,20210629,2021,BH10,1,2,2,2,2,0,0,0,0,0,2,0,2,2,1,0,X,2,2,0,X,0,0,0,0,0,0,0,0,0,
SA,20210629,2021,BH10,2,3,2,3,1,0,1,0,0,0,0,0,3,3,1,X,0,3,3,0,0,X,0,0,0,0,0,0,0,0,
MP,20210629,2021,BH10,3,3,1,3,2,0,2,0,0,0,0,0,3,3,0.5,X,0,3,3,0,0,0,0,0,0,0,0,0,0,0,Epiphytic growth on Sf and DR
SA,20210630,2021,BH14,1,3,0,3,2,0,2,2,0,0,0,0,3,3,0,0,0,3,3,0,0,0,0,0,0,0,0,0,0,0,
SA,20210630,2021,BH14,2,2,0,2,2,0,0,1,0,2,0,0,1,1,0,0,0,1,1,0,0,0,0,0,0,0,0,0,0,0,Epiphytic growth on HE
MP,20210630,2021,BH14,3,3,0,3,2,0,0.5,2,0,0,1,0,1,1,0,0,0,1,1,0,0,0,0,0,0,0,0,0,0,0,Cassiopea sp. anemone and conch (Strombus alatus) abundant
MP,20210823,2021,BH22,1,5,5,3,2,1,1,0,0,0,0,0,3,3,0,0,0,3,3,0,0,0,0,0,0,0,0,0,0,0,TDR=Laurencia sp.
SA,20210823,2021,BH22,2,5,4,3,2,0,2,0,0,0,0,0,3,3,0,0,0,3,3,0,0,0,0,0,0,0,0,0,0,0,
MP,20210823,2021,BH22,3,5,2,5,3,0.5,3,0,0,0,0,0,3,3,0,0,0,3,3,0,0,0,0,0,0,0,0,0,2,0,TDR= Laurencia; BGA on Halimeda.  SP=Tedania ignis
SA,20210823,2021,BH29,1,5,0,5,1,0,1,0,0,0,0,0,5,5,0,0,0,5,5,0,0,0,0,0,0,0,0,0,0,0,Greenish water
MP,20210823,2021,BH29,2,3,0,3,2,0,0,2,0,0,0,0,2,2,1,0,0,1,1,0,0,0,0,1,0,0,0,0,0,0,
MP,20210823,2021,BH29,3,2,0,2,2,2,0,0,0,0,0,0,2,2,0,0,0,2,2,0,0,0,0,0,0,0,0,0,0.1,0,SP= A.varians
DR,20211012,2021,BH31,1,5,2,4,4,4,0,0,0,0,0,0,2,2,0,0,0,2,X,X,0,0,0,0,0,0,0,0,0,0,TDR=Digenea sp.
DR,20211012,2021,BH31,2,4,2,4,4,4,0,0,0,0,0,0,2,2,0,0,0,2,X,X,0,0,0,0,0,0,0,0,0,0,TDR=Digenea sp.
DR,20211012,2021,BH31,3,4,2,4,4,4,0,0,0,0,0,0,2,2,0.5,0,X,2,X,X,X,0,0,0,0,0,0,0,0,0,"TDR=Digenea, CA=Caulerpa sertularioides"
SA,20210727,2021,BH34,1,2,0,2,2,0,0,2,0,2,0,0,2,2,1,0,X,2,2,X,0,0,0,0,0,0,0,0,0,0,Greenish water
SA,20210727,2021,BH34,2,1,0.5,1,0.5,0,0,0.5,0,0,0,0,1,1,0,0,0,1,1,0,0,0,0,0,0,0,0,0,0,0,
MP,20210727,2021,BH34,3,2,0,2,2,1,0,1,0,0,0,0,0.5,0.5,0.1,X,0,0.5,0,X,0,0,0,0,0,0,0,0,0,0,"ANA and CA outside of grid, dense patches."
SA,20210726,2021,BH35,1,5,0,5,5,5,0,0,0,0,0,0,1,1,1,0,X,1,0.5,X,0,0,0,0,0,0,0,0,0.5,0,"Epiphytic growth on Thalassia, 10% dead blades. Clear water"
SA,20210726,2021,BH35,2,5,0.5,5,5,5,0,0,0,0,0,0,1,1,1,0,X,1,1,X,0,0,0,0,0,0,0,0,2,0,"Epiphytic growth on Thalassia, 10% dead blades"
MP,20210726,2021,BH35,3,5,0,5,5,5,0,0,0,0,0,0,0.5,0.5,0,0,0,0.5,0,X,0,0,0,0,0,0,0,0,0,0,"Epiphytic growth on Thalassia, 10% dead blades"
SA,20210824,2021,BH36,1,4,0,4,3,3,0,2,0,0,0,0,2,2,0,0,0,2,0,X,X,0,0,0,0,0,0,0,1,0,SP= A. cauliformis
SA,20210824,2021,BH36,2,3,0,3,3,3,0,0,0,0,0,0,2,2,0.5,0,X,2,0.5,X,X,0,0,0,0,0,0,0,2,0,"SP= A. cauliformis, Niphates sp."
MP,20210824,2021,BH36,3,3,0.5,3,2,2,0,0,0,0,0,0,2,2,1,X,0,2,1,X,X,0,0,0,0,0,0,0,0.5,0.5,SP=Spe vespa; HC=Porites porites
SA,20210726,2021,BH37,1,5,0,5,5,5,0,0,0,0,0,0,1,1,0,0,0,1,1,0,0,0,0,0,0,0,0,0,0.5,0,Epiphytic growth on TT. Greenish water.
SA,20210726,2021,BH37,2,4,0,4,4,4,0,0,0,0,0,0,1,1,0,0,0,1,1,0,0,0,0,0,0,0,0,0,1,0,"Epiphytic growth on TT, 15% dead blades"
MP,20210726,2021,BH37,3,5,0.5,5,5,5,0,0,0,0,0,0,2,2,0,0,0,2,2,0,0,0,0,0,0,0,0,0,2,0,SP=Niphates sp. 10% of TT blades dead
SA,20210727,2021,BH39,1,3,1,3,2,2,0,0,0,0,0,0,2,2,1,X,0,2,2,X,0,X,0,0,0,0,0,0,0,0,Greenish water
SA,20210727,2021,BH39,2,4,0.5,4,4,4,0,0,0,0,0,0,2,2,1,X,0,2,1,X,0,0,0,0,0,0,0,0,0,0,
MP,20210727,2021,BH39,3,3,0,3,3,3,0,0,0,0,0,0,2,2,0.5,X,0,1,0.5,0,0,X,0,0.5,0,0,0,0,0,0,
